"dia","estaci","nivell_absolut","percentatge_volum_embassat","volum_embassat"
"2024-06-26T00:00:00.000","Embassament de Sau (Vilanova de Sau)","405.27","44.5","73.46"
"2024-06-26T00:00:00.000","Embassament de Susqueda (Osor)","314.66","34.7","80.9"
"2024-06-26T00:00:00.000","Embassament de Darnius Boadella (Darnius)","139","22.9","14"
"2024-06-26T00:00:00.000","Embassament de Siurana (Cornudella de Montsant)","452.04","2.1","0.25"
"2024-06-26T00:00:00.000","Embassament de la Baells (Cercs)","611.89","51","55.77"
"2024-06-26T00:00:00.000","Embassament de Sant Ponç (Clariana de Cardener)","515.11","34.6","8.43"
"2024-06-26T00:00:00.000","Embassament de Foix (Castellet i la Gornal)","98.37","67.5","2.52"
"2024-06-26T00:00:00.000","Embassament de la Llosa del Cavall (Navès)","775.67","27.8","22.21"
"2024-06-26T00:00:00.000","Embassament de Riudecanyes","194.02","2.2","0.12"
"2024-06-25T00:00:00.000","Embassament de Foix (Castellet i la Gornal)","98.41","68","2.54"
"2024-06-25T00:00:00.000","Embassament de Riudecanyes","194.04","2.2","0.12"
"2024-06-25T00:00:00.000","Embassament de Susqueda (Osor)","314.44","34.5","80.3"
"2024-06-25T00:00:00.000","Embassament de Darnius Boadella (Darnius)","139.02","23","14.03"
"2024-06-25T00:00:00.000","Embassament de la Baells (Cercs)","611.87","50.9","55.73"
"2024-06-25T00:00:00.000","Embassament de Sant Ponç (Clariana de Cardener)","515.15","34.7","8.47"
"2024-06-25T00:00:00.000","Embassament de Siurana (Cornudella de Montsant)","452.07","2.1","0.26"
"2024-06-25T00:00:00.000","Embassament de la Llosa del Cavall (Navès)","775.66","27.7","22.2"
"2024-06-25T00:00:00.000","Embassament de Sau (Vilanova de Sau)","405.42","44.8","73.98"
"2024-06-24T00:00:00.000","Embassament de Siurana (Cornudella de Montsant)","452.09","2.1","0.26"
"2024-06-24T00:00:00.000","Embassament de Riudecanyes","194.05","2.2","0.12"
"2024-06-24T00:00:00.000","Embassament de Sant Ponç (Clariana de Cardener)","515.19","34.8","8.5"
"2024-06-24T00:00:00.000","Embassament de Darnius Boadella (Darnius)","139.03","23","14.04"
"2024-06-24T00:00:00.000","Embassament de Susqueda (Osor)","314.14","34.1","79.49"
"2024-06-24T00:00:00.000","Embassament de Foix (Castellet i la Gornal)","98.44","68.4","2.56"
"2024-06-24T00:00:00.000","Embassament de la Baells (Cercs)","611.83","50.8","55.63"
"2024-06-24T00:00:00.000","Embassament de la Llosa del Cavall (Navès)","775.65","27.7","22.19"
"2024-06-24T00:00:00.000","Embassament de Sau (Vilanova de Sau)","405.56","45.1","74.48"
"2024-06-23T00:00:00.000","Embassament de Riudecanyes","194.06","2.2","0.12"
"2024-06-23T00:00:00.000","Embassament de Susqueda (Osor)","313.84","33.8","78.69"
"2024-06-23T00:00:00.000","Embassament de Siurana (Cornudella de Montsant)","452.11","2.1","0.26"
"2024-06-23T00:00:00.000","Embassament de la Baells (Cercs)","611.78","50.7","55.52"
"2024-06-23T00:00:00.000","Embassament de Sant Ponç (Clariana de Cardener)","515.19","34.9","8.5"
"2024-06-23T00:00:00.000","Embassament de Sau (Vilanova de Sau)","405.67","45.3","74.89"
"2024-06-23T00:00:00.000","Embassament de Foix (Castellet i la Gornal)","98.45","68.6","2.57"
"2024-06-23T00:00:00.000","Embassament de la Llosa del Cavall (Navès)","775.64","27.7","22.17"
"2024-06-23T00:00:00.000","Embassament de Darnius Boadella (Darnius)","139.03","23","14.04"
"2024-06-22T00:00:00.000","Embassament de Susqueda (Osor)","313.57","33.5","77.97"
"2024-06-22T00:00:00.000","Embassament de Riudecanyes","194.07","2.2","0.12"
"2024-06-22T00:00:00.000","Embassament de Siurana (Cornudella de Montsant)","452.12","2.1","0.26"
"2024-06-22T00:00:00.000","Embassament de Darnius Boadella (Darnius)","139.04","23","14.05"
"2024-06-22T00:00:00.000","Embassament de la Baells (Cercs)","611.74","50.6","55.41"
"2024-06-22T00:00:00.000","Embassament de Sau (Vilanova de Sau)","405.76","45.5","75.22"
"2024-06-22T00:00:00.000","Embassament de la Llosa del Cavall (Navès)","775.62","27.7","22.15"
"2024-06-22T00:00:00.000","Embassament de Sant Ponç (Clariana de Cardener)","515.18","34.8","8.49"
"2024-06-22T00:00:00.000","Embassament de Foix (Castellet i la Gornal)","98.47","68.8","2.57"
"2024-06-21T00:00:00.000","Embassament de la Llosa del Cavall (Navès)","775.6","27.7","22.13"
"2024-06-21T00:00:00.000","Embassament de Susqueda (Osor)","313.31","33.2","77.28"
"2024-06-21T00:00:00.000","Embassament de Sau (Vilanova de Sau)","405.85","45.7","75.53"
"2024-06-21T00:00:00.000","Embassament de Riudecanyes","194.09","2.2","0.12"
"2024-06-21T00:00:00.000","Embassament de Siurana (Cornudella de Montsant)","452.1","2.1","0.26"
"2024-06-21T00:00:00.000","Embassament de Sant Ponç (Clariana de Cardener)","515.18","34.8","8.49"
"2024-06-21T00:00:00.000","Embassament de Darnius Boadella (Darnius)","139.03","23","14.04"
"2024-06-21T00:00:00.000","Embassament de la Baells (Cercs)","611.67","50.5","55.25"
"2024-06-21T00:00:00.000","Embassament de Foix (Castellet i la Gornal)","98.48","68.9","2.58"
"2024-06-20T00:00:00.000","Embassament de Foix (Castellet i la Gornal)","98.49","69.1","2.58"
"2024-06-20T00:00:00.000","Embassament de la Llosa del Cavall (Navès)","775.57","27.6","22.1"
"2024-06-20T00:00:00.000","Embassament de Sant Ponç (Clariana de Cardener)","515.17","34.8","8.48"
"2024-06-20T00:00:00.000","Embassament de la Baells (Cercs)","611.57","50.3","55.03"
"2024-06-20T00:00:00.000","Embassament de Susqueda (Osor)","313.34","33.2","77.36"
"2024-06-20T00:00:00.000","Embassament de Sau (Vilanova de Sau)","405.65","45.3","74.8"
"2024-06-20T00:00:00.000","Embassament de Riudecanyes","194.1","2.2","0.12"
"2024-06-20T00:00:00.000","Embassament de Darnius Boadella (Darnius)","139.02","23","14.03"
"2024-06-20T00:00:00.000","Embassament de Siurana (Cornudella de Montsant)","452.04","2.1","0.25"
"2024-06-19T00:00:00.000","Embassament de Darnius Boadella (Darnius)","139","22.9","14"
"2024-06-19T00:00:00.000","Embassament de Sau (Vilanova de Sau)","405.41","44.8","73.96"
"2024-06-19T00:00:00.000","Embassament de Susqueda (Osor)","313.46","33.3","77.68"
"2024-06-19T00:00:00.000","Embassament de Riudecanyes","194.15","2.3","0.12"
"2024-06-19T00:00:00.000","Embassament de Foix (Castellet i la Gornal)","98.51","69.4","2.59"
"2024-06-19T00:00:00.000","Embassament de Sant Ponç (Clariana de Cardener)","515.15","34.7","8.47"
"2024-06-19T00:00:00.000","Embassament de la Baells (Cercs)","611.5","50.1","54.88"
"2024-06-19T00:00:00.000","Embassament de Siurana (Cornudella de Montsant)","452.04","2.1","0.25"
"2024-06-19T00:00:00.000","Embassament de la Llosa del Cavall (Navès)","775.53","27.6","22.06"
"2024-06-18T00:00:00.000","Embassament de la Baells (Cercs)","611.44","50","54.74"
"2024-06-18T00:00:00.000","Embassament de Susqueda (Osor)","313.61","33.5","78.08"
"2024-06-18T00:00:00.000","Embassament de Sant Ponç (Clariana de Cardener)","515.15","34.7","8.46"
"2024-06-18T00:00:00.000","Embassament de Riudecanyes","194.22","2.4","0.13"
"2024-06-18T00:00:00.000","Embassament de Sau (Vilanova de Sau)","405.16","44.2","73.06"
"2024-06-18T00:00:00.000","Embassament de Foix (Castellet i la Gornal)","98.54","69.8","2.61"
"2024-06-18T00:00:00.000","Embassament de la Llosa del Cavall (Navès)","775.51","27.5","22.03"
"2024-06-18T00:00:00.000","Embassament de Darnius Boadella (Darnius)","139","22.9","14"
"2024-06-18T00:00:00.000","Embassament de Siurana (Cornudella de Montsant)","452.07","2.1","0.25"
"2024-06-17T00:00:00.000","Embassament de Sau (Vilanova de Sau)","404.84","43.5","71.92"
"2024-06-17T00:00:00.000","Embassament de Foix (Castellet i la Gornal)","98.58","70.3","2.63"
"2024-06-17T00:00:00.000","Embassament de Riudecanyes","194.27","2.4","0.13"
"2024-06-17T00:00:00.000","Embassament de Susqueda (Osor)","313.76","33.7","78.49"
"2024-06-17T00:00:00.000","Embassament de la Baells (Cercs)","611.36","49.9","54.57"
"2024-06-17T00:00:00.000","Embassament de Sant Ponç (Clariana de Cardener)","515.14","34.7","8.46"
"2024-06-17T00:00:00.000","Embassament de la Llosa del Cavall (Navès)","775.48","27.5","22"
"2024-06-17T00:00:00.000","Embassament de Darnius Boadella (Darnius)","139","22.9","14"
"2024-06-17T00:00:00.000","Embassament de Siurana (Cornudella de Montsant)","452.09","2.1","0.26"
"2024-06-16T00:00:00.000","Embassament de Susqueda (Osor)","313.93","33.9","78.92"
"2024-06-16T00:00:00.000","Embassament de Riudecanyes","194.3","2.4","0.13"
"2024-06-16T00:00:00.000","Embassament de la Llosa del Cavall (Navès)","775.44","27.5","21.96"
"2024-06-16T00:00:00.000","Embassament de Foix (Castellet i la Gornal)","98.59","70.5","2.64"
"2024-06-16T00:00:00.000","Embassament de la Baells (Cercs)","611.27","49.7","54.35"
"2024-06-16T00:00:00.000","Embassament de Darnius Boadella (Darnius)","139","22.9","13.99"
"2024-06-16T00:00:00.000","Embassament de Siurana (Cornudella de Montsant)","452.12","2.1","0.26"
"2024-06-16T00:00:00.000","Embassament de Sau (Vilanova de Sau)","404.46","42.7","70.57"
"2024-06-16T00:00:00.000","Embassament de Sant Ponç (Clariana de Cardener)","515.13","34.7","8.45"
"2024-06-15T00:00:00.000","Embassament de la Llosa del Cavall (Navès)","775.4","27.4","21.92"
"2024-06-15T00:00:00.000","Embassament de Susqueda (Osor)","314.04","34","79.22"
"2024-06-15T00:00:00.000","Embassament de Sant Ponç (Clariana de Cardener)","515.12","34.6","8.44"
"2024-06-15T00:00:00.000","Embassament de Sau (Vilanova de Sau)","403.97","41.7","68.89"
"2024-06-15T00:00:00.000","Embassament de Foix (Castellet i la Gornal)","98.6","70.6","2.64"
"2024-06-15T00:00:00.000","Embassament de Siurana (Cornudella de Montsant)","452.15","2.1","0.26"
"2024-06-15T00:00:00.000","Embassament de Riudecanyes","194.31","2.4","0.13"
"2024-06-15T00:00:00.000","Embassament de la Baells (Cercs)","611.14","49.4","54.07"
"2024-06-15T00:00:00.000","Embassament de Darnius Boadella (Darnius)","138.99","22.9","13.99"
"2024-06-14T00:00:00.000","Embassament de Sant Ponç (Clariana de Cardener)","515.11","34.6","8.44"
"2024-06-14T00:00:00.000","Embassament de la Baells (Cercs)","610.98","49.1","53.71"
"2024-06-14T00:00:00.000","Embassament de Foix (Castellet i la Gornal)","98.6","70.7","2.64"
"2024-06-14T00:00:00.000","Embassament de Darnius Boadella (Darnius)","138.97","22.8","13.96"
"2024-06-14T00:00:00.000","Embassament de Siurana (Cornudella de Montsant)","452.18","2.1","0.26"
"2024-06-14T00:00:00.000","Embassament de Riudecanyes","194.32","2.4","0.13"
"2024-06-14T00:00:00.000","Embassament de Sau (Vilanova de Sau)","403.29","40.3","66.59"
"2024-06-14T00:00:00.000","Embassament de Susqueda (Osor)","314.12","34.1","79.42"
"2024-06-14T00:00:00.000","Embassament de la Llosa del Cavall (Navès)","775.36","27.3","21.87"
"2024-06-13T00:00:00.000","Embassament de Siurana (Cornudella de Montsant)","452.21","2.2","0.26"
"2024-06-13T00:00:00.000","Embassament de Sau (Vilanova de Sau)","401.95","36.5","60.4"
"2024-06-13T00:00:00.000","Embassament de Foix (Castellet i la Gornal)","98.6","70.6","2.64"
"2024-06-13T00:00:00.000","Embassament de la Llosa del Cavall (Navès)","775.29","27.3","21.81"
"2024-06-13T00:00:00.000","Embassament de Darnius Boadella (Darnius)","138.94","22.8","13.91"
"2024-06-13T00:00:00.000","Embassament de la Baells (Cercs)","610.74","48.6","53.18"
"2024-06-13T00:00:00.000","Embassament de Riudecanyes","194.32","2.4","0.13"
"2024-06-13T00:00:00.000","Embassament de Susqueda (Osor)","314.19","34.2","79.63"
"2024-06-13T00:00:00.000","Embassament de Sant Ponç (Clariana de Cardener)","515.1","34.6","8.43"
"2024-06-12T00:00:00.000","Embassament de Susqueda (Osor)","314.04","34","79.22"
"2024-06-12T00:00:00.000","Embassament de Riudecanyes","194.33","2.4","0.13"
"2024-06-12T00:00:00.000","Embassament de Foix (Castellet i la Gornal)","98.55","69.9","2.62"
"2024-06-12T00:00:00.000","Embassament de Sau (Vilanova de Sau)","398.93","31.9","52.79"
"2024-06-12T00:00:00.000","Embassament de Siurana (Cornudella de Montsant)","452.24","2.2","0.27"
"2024-06-12T00:00:00.000","Embassament de la Baells (Cercs)","610.4","47.9","52.44"
"2024-06-12T00:00:00.000","Embassament de Sant Ponç (Clariana de Cardener)","515.09","34.5","8.42"
"2024-06-12T00:00:00.000","Embassament de Darnius Boadella (Darnius)","138.91","22.7","13.89"
"2024-06-12T00:00:00.000","Embassament de la Llosa del Cavall (Navès)","775.21","27.2","21.72"
"2024-06-11T00:00:00.000","Embassament de la Baells (Cercs)","610.28","47.7","52.16"
"2024-06-11T00:00:00.000","Embassament de Sau (Vilanova de Sau)","398.12","30.5","50.47"
"2024-06-11T00:00:00.000","Embassament de Siurana (Cornudella de Montsant)","452.26","2.2","0.27"
"2024-06-11T00:00:00.000","Embassament de Riudecanyes","194.33","2.4","0.13"
"2024-06-11T00:00:00.000","Embassament de Foix (Castellet i la Gornal)","98.43","68.3","2.56"
"2024-06-11T00:00:00.000","Embassament de Darnius Boadella (Darnius)","138.91","22.7","13.88"
"2024-06-11T00:00:00.000","Embassament de Susqueda (Osor)","313.66","33.6","78.2"
"2024-06-11T00:00:00.000","Embassament de Sant Ponç (Clariana de Cardener)","515.07","34.5","8.41"
"2024-06-11T00:00:00.000","Embassament de la Llosa del Cavall (Navès)","775.16","27.1","21.67"
"2024-06-10T00:00:00.000","Embassament de Foix (Castellet i la Gornal)","98.42","68.1","2.55"
"2024-06-10T00:00:00.000","Embassament de la Llosa del Cavall (Navès)","775.11","27","21.62"
"2024-06-10T00:00:00.000","Embassament de Susqueda (Osor)","313.29","33.1","77.23"
"2024-06-10T00:00:00.000","Embassament de Darnius Boadella (Darnius)","138.88","22.7","13.84"
"2024-06-10T00:00:00.000","Embassament de la Baells (Cercs)","610.22","47.5","52.03"
"2024-06-10T00:00:00.000","Embassament de Siurana (Cornudella de Montsant)","452.3","2.2","0.27"
"2024-06-10T00:00:00.000","Embassament de Sau (Vilanova de Sau)","398.11","30.5","50.43"
"2024-06-10T00:00:00.000","Embassament de Riudecanyes","194.33","2.4","0.13"
"2024-06-10T00:00:00.000","Embassament de Sant Ponç (Clariana de Cardener)","515.06","34.4","8.4"
"2024-06-09T00:00:00.000","Embassament de Riudecanyes","194.34","2.4","0.13"
"2024-06-09T00:00:00.000","Embassament de Sant Ponç (Clariana de Cardener)","515.05","34.4","8.39"
"2024-06-09T00:00:00.000","Embassament de la Llosa del Cavall (Navès)","775.06","27","21.57"
"2024-06-09T00:00:00.000","Embassament de la Baells (Cercs)","610.17","47.4","51.92"
"2024-06-09T00:00:00.000","Embassament de Sau (Vilanova de Sau)","398.12","30.5","50.46"
"2024-06-09T00:00:00.000","Embassament de Susqueda (Osor)","312.94","32.7","76.3"
"2024-06-09T00:00:00.000","Embassament de Foix (Castellet i la Gornal)","98.41","68","2.54"
"2024-06-09T00:00:00.000","Embassament de Darnius Boadella (Darnius)","138.88","22.7","13.84"
"2024-06-09T00:00:00.000","Embassament de Siurana (Cornudella de Montsant)","452.34","2.2","0.27"
"2024-06-08T00:00:00.000","Embassament de la Baells (Cercs)","610.11","47.3","51.8"
"2024-06-08T00:00:00.000","Embassament de Siurana (Cornudella de Montsant)","452.37","2.3","0.28"
"2024-06-08T00:00:00.000","Embassament de Riudecanyes","194.35","2.5","0.13"
"2024-06-08T00:00:00.000","Embassament de Foix (Castellet i la Gornal)","98.4","67.8","2.54"
"2024-06-08T00:00:00.000","Embassament de Susqueda (Osor)","312.61","32.4","75.45"
"2024-06-08T00:00:00.000","Embassament de Sant Ponç (Clariana de Cardener)","515.04","34.4","8.38"
"2024-06-08T00:00:00.000","Embassament de Darnius Boadella (Darnius)","138.87","22.6","13.83"
"2024-06-08T00:00:00.000","Embassament de la Llosa del Cavall (Navès)","775.02","26.9","21.53"
"2024-06-08T00:00:00.000","Embassament de Sau (Vilanova de Sau)","398.17","30.6","50.61"
"2024-06-07T00:00:00.000","Embassament de Susqueda (Osor)","312.29","32","74.63"
"2024-06-07T00:00:00.000","Embassament de la Llosa del Cavall (Navès)","774.99","26.9","21.5"
"2024-06-07T00:00:00.000","Embassament de Darnius Boadella (Darnius)","138.87","22.6","13.83"
"2024-06-07T00:00:00.000","Embassament de Sant Ponç (Clariana de Cardener)","515.03","34.3","8.37"
"2024-06-07T00:00:00.000","Embassament de Riudecanyes","194.36","2.5","0.13"
"2024-06-07T00:00:00.000","Embassament de Siurana (Cornudella de Montsant)","452.41","2.3","0.28"
"2024-06-07T00:00:00.000","Embassament de Foix (Castellet i la Gornal)","98.43","68.3","2.56"
"2024-06-07T00:00:00.000","Embassament de la Baells (Cercs)","610.05","47.2","51.66"
"2024-06-07T00:00:00.000","Embassament de Sau (Vilanova de Sau)","398.21","30.7","50.72"
"2024-06-06T00:00:00.000","Embassament de Darnius Boadella (Darnius)","138.85","22.6","13.8"
"2024-06-06T00:00:00.000","Embassament de Sau (Vilanova de Sau)","398.16","30.6","50.59"
"2024-06-06T00:00:00.000","Embassament de Susqueda (Osor)","311.96","31.7","73.78"
"2024-06-06T00:00:00.000","Embassament de la Baells (Cercs)","609.96","47","51.48"
"2024-06-06T00:00:00.000","Embassament de Sant Ponç (Clariana de Cardener)","515.01","34.3","8.36"
"2024-06-06T00:00:00.000","Embassament de Siurana (Cornudella de Montsant)","452.44","2.3","0.28"
"2024-06-06T00:00:00.000","Embassament de la Llosa del Cavall (Navès)","774.96","26.8","21.47"
"2024-06-06T00:00:00.000","Embassament de Riudecanyes","194.37","2.5","0.13"
"2024-06-06T00:00:00.000","Embassament de Foix (Castellet i la Gornal)","98.47","68.8","2.57"
"2024-06-05T00:00:00.000","Embassament de la Llosa del Cavall (Navès)","774.91","26.8","21.42"
"2024-06-05T00:00:00.000","Embassament de Sant Ponç (Clariana de Cardener)","515","34.3","8.35"
"2024-06-05T00:00:00.000","Embassament de la Baells (Cercs)","609.85","46.8","51.24"
"2024-06-05T00:00:00.000","Embassament de Riudecanyes","194.38","2.5","0.13"
"2024-06-05T00:00:00.000","Embassament de Darnius Boadella (Darnius)","138.84","22.6","13.78"
"2024-06-05T00:00:00.000","Embassament de Sau (Vilanova de Sau)","397.93","30.2","49.91"
"2024-06-05T00:00:00.000","Embassament de Siurana (Cornudella de Montsant)","452.48","2.3","0.28"
"2024-06-05T00:00:00.000","Embassament de Susqueda (Osor)","311.6","31.3","72.84"
"2024-06-05T00:00:00.000","Embassament de Foix (Castellet i la Gornal)","98.48","68.9","2.58"
"2024-06-04T00:00:00.000","Embassament de Riudecanyes","194.39","2.5","0.13"
"2024-06-04T00:00:00.000","Embassament de la Llosa del Cavall (Navès)","774.86","26.7","21.37"
"2024-06-04T00:00:00.000","Embassament de Foix (Castellet i la Gornal)","98.49","69.1","2.58"
"2024-06-04T00:00:00.000","Embassament de Susqueda (Osor)","310.99","30.6","71.31"
"2024-06-04T00:00:00.000","Embassament de Sant Ponç (Clariana de Cardener)","514.99","34.2","8.34"
"2024-06-04T00:00:00.000","Embassament de la Baells (Cercs)","609.71","46.5","50.94"
"2024-06-04T00:00:00.000","Embassament de Sau (Vilanova de Sau)","397.61","29.6","49"
"2024-06-04T00:00:00.000","Embassament de Siurana (Cornudella de Montsant)","452.51","2.3","0.28"
"2024-06-04T00:00:00.000","Embassament de Darnius Boadella (Darnius)","138.8","22.5","13.74"
"2024-06-03T00:00:00.000","Embassament de la Llosa del Cavall (Navès)","774.8","26.6","21.31"
"2024-06-03T00:00:00.000","Embassament de Susqueda (Osor)","310.53","30.1","70.16"
"2024-06-03T00:00:00.000","Embassament de Siurana (Cornudella de Montsant)","452.54","2.3","0.29"
"2024-06-03T00:00:00.000","Embassament de Foix (Castellet i la Gornal)","98.49","69.1","2.59"
"2024-06-03T00:00:00.000","Embassament de Darnius Boadella (Darnius)","138.79","22.5","13.72"
"2024-06-03T00:00:00.000","Embassament de Sau (Vilanova de Sau)","397.37","29.3","48.34"
"2024-06-03T00:00:00.000","Embassament de la Baells (Cercs)","609.57","46.3","50.64"
"2024-06-03T00:00:00.000","Embassament de Riudecanyes","194.4","2.5","0.13"
"2024-06-03T00:00:00.000","Embassament de Sant Ponç (Clariana de Cardener)","514.97","34.2","8.33"
"2024-06-02T00:00:00.000","Embassament de Siurana (Cornudella de Montsant)","452.56","2.4","0.29"
"2024-06-02T00:00:00.000","Embassament de Riudecanyes","194.41","2.5","0.13"
"2024-06-02T00:00:00.000","Embassament de Sant Ponç (Clariana de Cardener)","514.95","34.1","8.32"
"2024-06-02T00:00:00.000","Embassament de Sau (Vilanova de Sau)","397.24","29","47.97"
"2024-06-02T00:00:00.000","Embassament de Susqueda (Osor)","310.18","29.7","69.28"
"2024-06-02T00:00:00.000","Embassament de la Baells (Cercs)","609.43","46","50.34"
"2024-06-02T00:00:00.000","Embassament de la Llosa del Cavall (Navès)","774.76","26.6","21.27"
"2024-06-02T00:00:00.000","Embassament de Foix (Castellet i la Gornal)","98.47","68.9","2.58"
"2024-06-02T00:00:00.000","Embassament de Darnius Boadella (Darnius)","138.76","22.4","13.68"
"2024-06-01T00:00:00.000","Embassament de Darnius Boadella (Darnius)","138.73","22.3","13.65"
"2024-06-01T00:00:00.000","Embassament de la Baells (Cercs)","609.24","45.6","49.94"
"2024-06-01T00:00:00.000","Embassament de Riudecanyes","194.41","2.5","0.13"
"2024-06-01T00:00:00.000","Embassament de Foix (Castellet i la Gornal)","98.23","65.6","2.45"
"2024-06-01T00:00:00.000","Embassament de Siurana (Cornudella de Montsant)","452.58","2.4","0.29"
"2024-06-01T00:00:00.000","Embassament de Susqueda (Osor)","309.8","29.3","68.38"
"2024-06-01T00:00:00.000","Embassament de la Llosa del Cavall (Navès)","774.72","26.5","21.23"
"2024-06-01T00:00:00.000","Embassament de Sant Ponç (Clariana de Cardener)","514.93","34.1","8.3"
"2024-06-01T00:00:00.000","Embassament de Sau (Vilanova de Sau)","396.95","28.5","47.17"
"2024-05-31T00:00:00.000","Embassament de Darnius Boadella (Darnius)","138.69","22.3","13.6"
"2024-05-31T00:00:00.000","Embassament de Sant Ponç (Clariana de Cardener)","514.92","34","8.29"
"2024-05-31T00:00:00.000","Embassament de Foix (Castellet i la Gornal)","98.21","65.3","2.44"
"2024-05-31T00:00:00.000","Embassament de Siurana (Cornudella de Montsant)","452.61","2.4","0.29"
"2024-05-31T00:00:00.000","Embassament de la Baells (Cercs)","608.96","45.1","49.35"
"2024-05-31T00:00:00.000","Embassament de Sau (Vilanova de Sau)","396.57","27.9","46.13"
"2024-05-31T00:00:00.000","Embassament de Riudecanyes","194.42","2.5","0.13"
"2024-05-31T00:00:00.000","Embassament de la Llosa del Cavall (Navès)","774.68","26.5","21.18"
"2024-05-31T00:00:00.000","Embassament de Susqueda (Osor)","309.43","29","67.48"
"2024-05-30T00:00:00.000","Embassament de Darnius Boadella (Darnius)","138.64","22.1","13.53"
"2024-05-30T00:00:00.000","Embassament de Riudecanyes","194.43","2.5","0.13"
"2024-05-30T00:00:00.000","Embassament de Foix (Castellet i la Gornal)","98.25","65.8","2.46"
"2024-05-30T00:00:00.000","Embassament de Siurana (Cornudella de Montsant)","452.64","2.4","0.29"
"2024-05-30T00:00:00.000","Embassament de la Llosa del Cavall (Navès)","774.61","26.4","21.11"
"2024-05-30T00:00:00.000","Embassament de la Baells (Cercs)","608.55","44.3","48.5"
"2024-05-30T00:00:00.000","Embassament de Sant Ponç (Clariana de Cardener)","514.91","34","8.28"
"2024-05-30T00:00:00.000","Embassament de Susqueda (Osor)","309.16","28.7","66.82"
"2024-05-30T00:00:00.000","Embassament de Sau (Vilanova de Sau)","396.03","27","44.69"
"2024-05-29T00:00:00.000","Embassament de Sau (Vilanova de Sau)","395.88","26.8","44.3"
"2024-05-29T00:00:00.000","Embassament de Sant Ponç (Clariana de Cardener)","514.89","33.9","8.27"
"2024-05-29T00:00:00.000","Embassament de Riudecanyes","194.44","2.5","0.14"
"2024-05-29T00:00:00.000","Embassament de Darnius Boadella (Darnius)","138.58","22","13.42"
"2024-05-29T00:00:00.000","Embassament de Siurana (Cornudella de Montsant)","452.67","2.4","0.3"
"2024-05-29T00:00:00.000","Embassament de la Llosa del Cavall (Navès)","774.56","26.3","21.06"
"2024-05-29T00:00:00.000","Embassament de Foix (Castellet i la Gornal)","98.27","66.2","2.47"
"2024-05-29T00:00:00.000","Embassament de la Baells (Cercs)","608.46","44.1","48.22"
"2024-05-29T00:00:00.000","Embassament de Susqueda (Osor)","308.94","28.5","66.29"
"2024-05-28T00:00:00.000","Embassament de la Llosa del Cavall (Navès)","774.51","26.3","21.01"
"2024-05-28T00:00:00.000","Embassament de Susqueda (Osor)","308.75","28.3","65.83"
"2024-05-28T00:00:00.000","Embassament de Siurana (Cornudella de Montsant)","452.69","2.4","0.3"
"2024-05-28T00:00:00.000","Embassament de Riudecanyes","194.45","2.5","0.14"
"2024-05-28T00:00:00.000","Embassament de Sant Ponç (Clariana de Cardener)","514.88","33.9","8.26"
"2024-05-28T00:00:00.000","Embassament de Sau (Vilanova de Sau)","395.77","26.6","44.01"
"2024-05-28T00:00:00.000","Embassament de la Baells (Cercs)","608.37","44","48.13"
"2024-05-28T00:00:00.000","Embassament de Darnius Boadella (Darnius)","138.51","21.9","13.37"
"2024-05-28T00:00:00.000","Embassament de Foix (Castellet i la Gornal)","98.31","66.6","2.49"
"2024-05-27T00:00:00.000","Embassament de Susqueda (Osor)","308.51","28","65.26"
"2024-05-27T00:00:00.000","Embassament de Siurana (Cornudella de Montsant)","452.7","2.4","0.3"
"2024-05-27T00:00:00.000","Embassament de Foix (Castellet i la Gornal)","98.32","66.8","2.5"
"2024-05-27T00:00:00.000","Embassament de Sau (Vilanova de Sau)","395.59","26.4","43.55"
"2024-05-27T00:00:00.000","Embassament de Sant Ponç (Clariana de Cardener)","514.86","33.8","8.25"
"2024-05-27T00:00:00.000","Embassament de Darnius Boadella (Darnius)","138.42","21.7","13.26"
"2024-05-27T00:00:00.000","Embassament de Riudecanyes","194.46","2.6","0.14"
"2024-05-27T00:00:00.000","Embassament de la Llosa del Cavall (Navès)","774.47","26.2","20.97"
"2024-05-27T00:00:00.000","Embassament de la Baells (Cercs)","608.26","43.8","47.9"
"2024-05-26T00:00:00.000","Embassament de Siurana (Cornudella de Montsant)","452.73","2.5","0.3"
"2024-05-26T00:00:00.000","Embassament de la Baells (Cercs)","608.13","43.5","47.63"
"2024-05-26T00:00:00.000","Embassament de Darnius Boadella (Darnius)","138.28","21.4","13.08"
"2024-05-26T00:00:00.000","Embassament de Sant Ponç (Clariana de Cardener)","514.84","33.8","8.23"
"2024-05-26T00:00:00.000","Embassament de Sau (Vilanova de Sau)","395.38","26","43"
"2024-05-26T00:00:00.000","Embassament de Susqueda (Osor)","308.26","27.8","64.68"
"2024-05-26T00:00:00.000","Embassament de Foix (Castellet i la Gornal)","98.33","66.9","2.5"
"2024-05-26T00:00:00.000","Embassament de Riudecanyes","194.46","2.6","0.14"
"2024-05-26T00:00:00.000","Embassament de la Llosa del Cavall (Navès)","774.42","26.2","20.92"
"2024-05-25T00:00:00.000","Embassament de Darnius Boadella (Darnius)","138.06","21","12.81"
"2024-05-25T00:00:00.000","Embassament de Riudecanyes","194.46","2.6","0.14"
"2024-05-25T00:00:00.000","Embassament de Foix (Castellet i la Gornal)","98.34","67.1","2.51"
"2024-05-25T00:00:00.000","Embassament de Susqueda (Osor)","308.03","27.5","64.13"
"2024-05-25T00:00:00.000","Embassament de Sant Ponç (Clariana de Cardener)","514.82","33.7","8.21"
"2024-05-25T00:00:00.000","Embassament de la Baells (Cercs)","607.97","43.2","47.33"
"2024-05-25T00:00:00.000","Embassament de la Llosa del Cavall (Navès)","774.37","26.1","20.87"
"2024-05-25T00:00:00.000","Embassament de Sau (Vilanova de Sau)","395.09","25.6","42.27"
"2024-05-25T00:00:00.000","Embassament de Siurana (Cornudella de Montsant)","452.73","2.5","0.3"
"2024-05-24T00:00:00.000","Embassament de Sau (Vilanova de Sau)","394.72","25","41.33"
"2024-05-24T00:00:00.000","Embassament de Darnius Boadella (Darnius)","137.79","20.4","12.48"
"2024-05-24T00:00:00.000","Embassament de Susqueda (Osor)","307.8","27.3","63.6"
"2024-05-24T00:00:00.000","Embassament de Riudecanyes","194.46","2.6","0.14"
"2024-05-24T00:00:00.000","Embassament de la Baells (Cercs)","607.83","43","47.05"
"2024-05-24T00:00:00.000","Embassament de Sant Ponç (Clariana de Cardener)","514.78","33.6","8.19"
"2024-05-24T00:00:00.000","Embassament de Foix (Castellet i la Gornal)","98.35","67.2","2.51"
"2024-05-24T00:00:00.000","Embassament de la Llosa del Cavall (Navès)","774.3","26","20.8"
"2024-05-24T00:00:00.000","Embassament de Siurana (Cornudella de Montsant)","452.75","2.5","0.3"
"2024-05-23T00:00:00.000","Embassament de Foix (Castellet i la Gornal)","98.37","67.5","2.52"
"2024-05-23T00:00:00.000","Embassament de la Baells (Cercs)","607.72","42.8","46.82"
"2024-05-23T00:00:00.000","Embassament de Darnius Boadella (Darnius)","137.5","19.9","12.13"
"2024-05-23T00:00:00.000","Embassament de Sau (Vilanova de Sau)","394.23","24.3","40.13"
"2024-05-23T00:00:00.000","Embassament de Siurana (Cornudella de Montsant)","452.77","2.5","0.3"
"2024-05-23T00:00:00.000","Embassament de Susqueda (Osor)","307.61","27.1","63.15"
"2024-05-23T00:00:00.000","Embassament de Sant Ponç (Clariana de Cardener)","514.75","33.5","8.17"
"2024-05-23T00:00:00.000","Embassament de Riudecanyes","194.46","2.6","0.14"
"2024-05-23T00:00:00.000","Embassament de la Llosa del Cavall (Navès)","774.24","25.9","20.74"
"2024-05-22T00:00:00.000","Embassament de la Baells (Cercs)","607.62","42.6","46.61"
"2024-05-22T00:00:00.000","Embassament de Susqueda (Osor)","307.51","27","62.93"
"2024-05-22T00:00:00.000","Embassament de Sau (Vilanova de Sau)","393.5","23.2","38.37"
"2024-05-22T00:00:00.000","Embassament de Siurana (Cornudella de Montsant)","452.8","2.5","0.31"
"2024-05-22T00:00:00.000","Embassament de Darnius Boadella (Darnius)","137.04","19","11.6"
"2024-05-22T00:00:00.000","Embassament de Foix (Castellet i la Gornal)","98.4","67.9","2.54"
"2024-05-22T00:00:00.000","Embassament de Riudecanyes","194.47","2.6","0.14"
"2024-05-22T00:00:00.000","Embassament de la Llosa del Cavall (Navès)","774.18","25.8","20.68"
"2024-05-22T00:00:00.000","Embassament de Sant Ponç (Clariana de Cardener)","514.74","33.5","8.16"
"2024-05-21T00:00:00.000","Embassament de la Llosa del Cavall (Navès)","774.11","25.8","20.62"
"2024-05-21T00:00:00.000","Embassament de Sant Ponç (Clariana de Cardener)","514.73","33.4","8.15"
"2024-05-21T00:00:00.000","Embassament de Sau (Vilanova de Sau)","393.05","22.6","37.3"
"2024-05-21T00:00:00.000","Embassament de la Baells (Cercs)","607.52","42.4","46.42"
"2024-05-21T00:00:00.000","Embassament de Siurana (Cornudella de Montsant)","452.82","2.5","0.31"
"2024-05-21T00:00:00.000","Embassament de Darnius Boadella (Darnius)","136.37","17.8","10.85"
"2024-05-21T00:00:00.000","Embassament de Susqueda (Osor)","307.4","26.9","62.67"
"2024-05-21T00:00:00.000","Embassament de Foix (Castellet i la Gornal)","98.44","68.4","2.56"
"2024-05-21T00:00:00.000","Embassament de Riudecanyes","194.47","2.6","0.14"
"2024-05-20T00:00:00.000","Embassament de Sant Ponç (Clariana de Cardener)","514.71","33.4","8.14"
"2024-05-20T00:00:00.000","Embassament de Siurana (Cornudella de Montsant)","452.85","2.5","0.31"
"2024-05-20T00:00:00.000","Embassament de Darnius Boadella (Darnius)","136.19","17.4","10.66"
"2024-05-20T00:00:00.000","Embassament de Foix (Castellet i la Gornal)","98.45","68.5","2.56"
"2024-05-20T00:00:00.000","Embassament de Sau (Vilanova de Sau)","392.76","22.2","36.61"
"2024-05-20T00:00:00.000","Embassament de Riudecanyes","194.48","2.6","0.14"
"2024-05-20T00:00:00.000","Embassament de la Baells (Cercs)","607.42","42.2","46.23"
"2024-05-20T00:00:00.000","Embassament de la Llosa del Cavall (Navès)","774.04","25.7","20.55"
"2024-05-20T00:00:00.000","Embassament de Susqueda (Osor)","307.25","26.7","62.33"
"2024-05-19T00:00:00.000","Embassament de Siurana (Cornudella de Montsant)","452.87","2.5","0.31"
"2024-05-19T00:00:00.000","Embassament de Sau (Vilanova de Sau)","392.53","21.8","36.07"
"2024-05-19T00:00:00.000","Embassament de Foix (Castellet i la Gornal)","98.45","68.6","2.57"
"2024-05-19T00:00:00.000","Embassament de la Llosa del Cavall (Navès)","773.96","25.6","20.46"
"2024-05-19T00:00:00.000","Embassament de Sant Ponç (Clariana de Cardener)","514.69","33.3","8.12"
"2024-05-19T00:00:00.000","Embassament de la Baells (Cercs)","607.31","42","46.01"
"2024-05-19T00:00:00.000","Embassament de Susqueda (Osor)","307.13","26.6","62.05"
"2024-05-19T00:00:00.000","Embassament de Darnius Boadella (Darnius)","136.12","17.3","10.58"
"2024-05-19T00:00:00.000","Embassament de Riudecanyes","194.48","2.6","0.14"
"2024-05-18T00:00:00.000","Embassament de Susqueda (Osor)","307.01","26.5","61.77"
"2024-05-18T00:00:00.000","Embassament de la Llosa del Cavall (Navès)","773.89","25.5","20.4"
"2024-05-18T00:00:00.000","Embassament de Siurana (Cornudella de Montsant)","452.89","2.6","0.31"
"2024-05-18T00:00:00.000","Embassament de Foix (Castellet i la Gornal)","98.45","68.5","2.56"
"2024-05-18T00:00:00.000","Embassament de Darnius Boadella (Darnius)","136.07","17.2","10.53"
"2024-05-18T00:00:00.000","Embassament de Sant Ponç (Clariana de Cardener)","514.67","33.2","8.1"
"2024-05-18T00:00:00.000","Embassament de Riudecanyes","194.48","2.6","0.14"
"2024-05-18T00:00:00.000","Embassament de la Baells (Cercs)","607.21","41.9","45.8"
"2024-05-18T00:00:00.000","Embassament de Sau (Vilanova de Sau)","392.3","21.5","35.54"
"2024-05-17T00:00:00.000","Embassament de la Baells (Cercs)","607.1","41.7","45.58"
"2024-05-17T00:00:00.000","Embassament de Darnius Boadella (Darnius)","136.02","17.1","10.48"
"2024-05-17T00:00:00.000","Embassament de Sau (Vilanova de Sau)","392.07","21.2","35.01"
"2024-05-17T00:00:00.000","Embassament de la Llosa del Cavall (Navès)","773.83","25.4","20.34"
"2024-05-17T00:00:00.000","Embassament de Riudecanyes","194.48","2.6","0.14"
"2024-05-17T00:00:00.000","Embassament de Sant Ponç (Clariana de Cardener)","514.65","33.2","8.09"
"2024-05-17T00:00:00.000","Embassament de Susqueda (Osor)","306.88","26.4","61.47"
"2024-05-17T00:00:00.000","Embassament de Foix (Castellet i la Gornal)","98.44","68.5","2.56"
"2024-05-17T00:00:00.000","Embassament de Siurana (Cornudella de Montsant)","452.91","2.6","0.31"
"2024-05-16T00:00:00.000","Embassament de la Baells (Cercs)","606.98","41.4","45.36"
"2024-05-16T00:00:00.000","Embassament de la Llosa del Cavall (Navès)","773.75","25.3","20.26"
"2024-05-16T00:00:00.000","Embassament de Siurana (Cornudella de Montsant)","452.93","2.6","0.31"
"2024-05-16T00:00:00.000","Embassament de Riudecanyes","194.47","2.6","0.14"
"2024-05-16T00:00:00.000","Embassament de Foix (Castellet i la Gornal)","98.29","66.4","2.48"
"2024-05-16T00:00:00.000","Embassament de Susqueda (Osor)","306.77","26.3","61.23"
"2024-05-16T00:00:00.000","Embassament de Sant Ponç (Clariana de Cardener)","514.64","33.1","8.08"
"2024-05-16T00:00:00.000","Embassament de Darnius Boadella (Darnius)","135.98","17.1","10.42"
"2024-05-16T00:00:00.000","Embassament de Sau (Vilanova de Sau)","391.79","20.8","34.36"
"2024-05-15T00:00:00.000","Embassament de Sant Ponç (Clariana de Cardener)","514.62","33.1","8.07"
"2024-05-15T00:00:00.000","Embassament de la Llosa del Cavall (Navès)","773.67","25.2","20.18"
"2024-05-15T00:00:00.000","Embassament de Darnius Boadella (Darnius)","135.93","17","10.38"
"2024-05-15T00:00:00.000","Embassament de la Baells (Cercs)","606.86","41.2","45.11"
"2024-05-15T00:00:00.000","Embassament de Foix (Castellet i la Gornal)","98.19","65.1","2.43"
"2024-05-15T00:00:00.000","Embassament de Siurana (Cornudella de Montsant)","452.95","2.6","0.32"
"2024-05-15T00:00:00.000","Embassament de Susqueda (Osor)","306.8","26.3","61.29"
"2024-05-15T00:00:00.000","Embassament de Sau (Vilanova de Sau)","391.35","20.2","33.37"
"2024-05-15T00:00:00.000","Embassament de Riudecanyes","194.47","2.6","0.14"
"2024-05-14T00:00:00.000","Embassament de Foix (Castellet i la Gornal)","98.12","64.1","2.4"
"2024-05-14T00:00:00.000","Embassament de Sant Ponç (Clariana de Cardener)","514.59","33","8.05"
"2024-05-14T00:00:00.000","Embassament de Darnius Boadella (Darnius)","135.89","16.9","10.33"
"2024-05-14T00:00:00.000","Embassament de Susqueda (Osor)","306.81","26.3","61.32"
"2024-05-14T00:00:00.000","Embassament de la Llosa del Cavall (Navès)","773.58","25.1","20.09"
"2024-05-14T00:00:00.000","Embassament de Riudecanyes","194.47","2.6","0.14"
"2024-05-14T00:00:00.000","Embassament de Siurana (Cornudella de Montsant)","452.97","2.6","0.32"
"2024-05-14T00:00:00.000","Embassament de la Baells (Cercs)","606.7","40.9","44.8"
"2024-05-14T00:00:00.000","Embassament de Sau (Vilanova de Sau)","390.81","19.5","32.15"
"2024-05-13T00:00:00.000","Embassament de Foix (Castellet i la Gornal)","98.1","63.8","2.39"
"2024-05-13T00:00:00.000","Embassament de Darnius Boadella (Darnius)","135.86","16.9","10.3"
"2024-05-13T00:00:00.000","Embassament de Susqueda (Osor)","306.78","26.3","61.23"
"2024-05-13T00:00:00.000","Embassament de Sant Ponç (Clariana de Cardener)","514.57","32.9","8.03"
"2024-05-13T00:00:00.000","Embassament de la Baells (Cercs)","606.56","40.7","44.53"
"2024-05-13T00:00:00.000","Embassament de Sau (Vilanova de Sau)","390.42","18.9","31.28"
"2024-05-13T00:00:00.000","Embassament de Riudecanyes","194.5","2.6","0.14"
"2024-05-13T00:00:00.000","Embassament de la Llosa del Cavall (Navès)","773.48","25","20"
"2024-05-13T00:00:00.000","Embassament de Siurana (Cornudella de Montsant)","452.98","2.6","0.32"
"2024-05-12T00:00:00.000","Embassament de Riudecanyes","194.51","2.6","0.14"
"2024-05-12T00:00:00.000","Embassament de la Baells (Cercs)","606.43","40.5","44.28"
"2024-05-12T00:00:00.000","Embassament de Sau (Vilanova de Sau)","390.06","18.5","30.5"
"2024-05-12T00:00:00.000","Embassament de Sant Ponç (Clariana de Cardener)","514.55","32.9","8.02"
"2024-05-12T00:00:00.000","Embassament de Darnius Boadella (Darnius)","135.84","16.8","10.28"
"2024-05-12T00:00:00.000","Embassament de la Llosa del Cavall (Navès)","773.4","24.9","19.92"
"2024-05-12T00:00:00.000","Embassament de Susqueda (Osor)","306.74","26.2","61.15"
"2024-05-12T00:00:00.000","Embassament de Foix (Castellet i la Gornal)","98.11","64","2.39"
"2024-05-12T00:00:00.000","Embassament de Siurana (Cornudella de Montsant)","453.01","2.6","0.32"
"2024-05-11T00:00:00.000","Embassament de Sau (Vilanova de Sau)","389.67","17.9","29.66"
"2024-05-11T00:00:00.000","Embassament de Sant Ponç (Clariana de Cardener)","514.53","32.8","8"
"2024-05-11T00:00:00.000","Embassament de Darnius Boadella (Darnius)","135.83","16.8","10.27"
"2024-05-11T00:00:00.000","Embassament de Siurana (Cornudella de Montsant)","453.03","2.6","0.32"
"2024-05-11T00:00:00.000","Embassament de la Llosa del Cavall (Navès)","773.32","24.8","19.84"
"2024-05-11T00:00:00.000","Embassament de Foix (Castellet i la Gornal)","98.11","64","2.39"
"2024-05-11T00:00:00.000","Embassament de Susqueda (Osor)","306.71","26.2","61.08"
"2024-05-11T00:00:00.000","Embassament de la Baells (Cercs)","606.27","40.2","43.98"
"2024-05-11T00:00:00.000","Embassament de Riudecanyes","194.51","2.6","0.14"
"2024-05-10T00:00:00.000","Embassament de Sau (Vilanova de Sau)","389.22","17.4","28.69"
"2024-05-10T00:00:00.000","Embassament de la Llosa del Cavall (Navès)","773.22","24.7","19.75"
"2024-05-10T00:00:00.000","Embassament de Darnius Boadella (Darnius)","135.8","16.7","10.23"
"2024-05-10T00:00:00.000","Embassament de Susqueda (Osor)","306.7","26.2","61.07"
"2024-05-10T00:00:00.000","Embassament de Sant Ponç (Clariana de Cardener)","514.51","32.8","7.99"
"2024-05-10T00:00:00.000","Embassament de Siurana (Cornudella de Montsant)","453.06","2.6","0.32"
"2024-05-10T00:00:00.000","Embassament de Riudecanyes","194.51","2.6","0.14"
"2024-05-10T00:00:00.000","Embassament de Foix (Castellet i la Gornal)","98.12","64.1","2.4"
"2024-05-10T00:00:00.000","Embassament de la Baells (Cercs)","606.08","39.9","43.62"
"2024-05-09T00:00:00.000","Embassament de Siurana (Cornudella de Montsant)","453.09","2.7","0.33"
"2024-05-09T00:00:00.000","Embassament de Darnius Boadella (Darnius)","135.75","16.7","10.18"
"2024-05-09T00:00:00.000","Embassament de Riudecanyes","194.51","2.6","0.14"
"2024-05-09T00:00:00.000","Embassament de la Llosa del Cavall (Navès)","773.11","24.6","19.65"
"2024-05-09T00:00:00.000","Embassament de Sant Ponç (Clariana de Cardener)","514.49","32.7","7.97"
"2024-05-09T00:00:00.000","Embassament de Sau (Vilanova de Sau)","388.6","16.6","27.4"
"2024-05-09T00:00:00.000","Embassament de Susqueda (Osor)","306.77","26.3","61.22"
"2024-05-09T00:00:00.000","Embassament de la Baells (Cercs)","605.85","39.5","43.18"
"2024-05-09T00:00:00.000","Embassament de Foix (Castellet i la Gornal)","98.13","64.3","2.41"
"2024-05-08T00:00:00.000","Embassament de Susqueda (Osor)","306.82","26.3","61.33"
"2024-05-08T00:00:00.000","Embassament de la Baells (Cercs)","605.58","39","42.67"
"2024-05-08T00:00:00.000","Embassament de Riudecanyes","194.52","2.6","0.14"
"2024-05-08T00:00:00.000","Embassament de Siurana (Cornudella de Montsant)","453.12","2.7","0.33"
"2024-05-08T00:00:00.000","Embassament de Sant Ponç (Clariana de Cardener)","514.47","32.6","7.96"
"2024-05-08T00:00:00.000","Embassament de Foix (Castellet i la Gornal)","98.15","64.5","2.41"
"2024-05-08T00:00:00.000","Embassament de la Llosa del Cavall (Navès)","772.99","24.4","19.53"
"2024-05-08T00:00:00.000","Embassament de Darnius Boadella (Darnius)","135.69","16.6","10.12"
"2024-05-08T00:00:00.000","Embassament de Sau (Vilanova de Sau)","387.82","15.6","25.79"
"2024-05-07T00:00:00.000","Embassament de Sant Ponç (Clariana de Cardener)","514.44","32.6","7.94"
"2024-05-07T00:00:00.000","Embassament de Foix (Castellet i la Gornal)","98.18","64.9","2.43"
"2024-05-07T00:00:00.000","Embassament de Sau (Vilanova de Sau)","386.8","14.4","23.74"
"2024-05-07T00:00:00.000","Embassament de Darnius Boadella (Darnius)","135.63","16.5","10.06"
"2024-05-07T00:00:00.000","Embassament de la Baells (Cercs)","605.26","38.4","42.07"
"2024-05-07T00:00:00.000","Embassament de Susqueda (Osor)","306.89","26.4","61.49"
"2024-05-07T00:00:00.000","Embassament de Riudecanyes","194.53","2.6","0.14"
"2024-05-07T00:00:00.000","Embassament de Siurana (Cornudella de Montsant)","453.13","2.7","0.33"
"2024-05-07T00:00:00.000","Embassament de la Llosa del Cavall (Navès)","772.85","24.2","19.39"
"2024-05-06T00:00:00.000","Embassament de Sant Ponç (Clariana de Cardener)","514.41","32.5","7.92"
"2024-05-06T00:00:00.000","Embassament de Siurana (Cornudella de Montsant)","453.16","2.7","0.33"
"2024-05-06T00:00:00.000","Embassament de Riudecanyes","194.53","2.6","0.14"
"2024-05-06T00:00:00.000","Embassament de la Llosa del Cavall (Navès)","772.68","24","19.24"
"2024-05-06T00:00:00.000","Embassament de Foix (Castellet i la Gornal)","98.21","65.3","2.44"
"2024-05-06T00:00:00.000","Embassament de Sau (Vilanova de Sau)","386.02","13.4","22.22"
"2024-05-06T00:00:00.000","Embassament de Darnius Boadella (Darnius)","135.56","16.3","9.98"
"2024-05-06T00:00:00.000","Embassament de Susqueda (Osor)","306.94","26.4","61.6"
"2024-05-06T00:00:00.000","Embassament de la Baells (Cercs)","604.91","37.9","41.43"
"2024-05-05T00:00:00.000","Embassament de la Llosa del Cavall (Navès)","772.49","23.8","19.06"
"2024-05-05T00:00:00.000","Embassament de Siurana (Cornudella de Montsant)","453.17","2.7","0.33"
"2024-05-05T00:00:00.000","Embassament de Riudecanyes","194.53","2.6","0.14"
"2024-05-05T00:00:00.000","Embassament de Darnius Boadella (Darnius)","135.47","16.2","9.89"
"2024-05-05T00:00:00.000","Embassament de Sant Ponç (Clariana de Cardener)","514.38","32.4","7.89"
"2024-05-05T00:00:00.000","Embassament de Sau (Vilanova de Sau)","385.4","12.7","21.03"
"2024-05-05T00:00:00.000","Embassament de Susqueda (Osor)","306.99","26.5","61.71"
"2024-05-05T00:00:00.000","Embassament de la Baells (Cercs)","604.53","37.2","40.75"
"2024-05-05T00:00:00.000","Embassament de Foix (Castellet i la Gornal)","98.22","65.4","2.44"
"2024-05-04T00:00:00.000","Embassament de Susqueda (Osor)","307.04","26.5","61.83"
"2024-05-04T00:00:00.000","Embassament de la Llosa del Cavall (Navès)","772.28","23.6","18.87"
"2024-05-04T00:00:00.000","Embassament de Foix (Castellet i la Gornal)","98.22","65.4","2.45"
"2024-05-04T00:00:00.000","Embassament de la Baells (Cercs)","604.13","36.6","40.03"
"2024-05-04T00:00:00.000","Embassament de Darnius Boadella (Darnius)","135.33","16","9.75"
"2024-05-04T00:00:00.000","Embassament de Riudecanyes","194.53","2.6","0.14"
"2024-05-04T00:00:00.000","Embassament de Sant Ponç (Clariana de Cardener)","514.35","32.3","7.87"
"2024-05-04T00:00:00.000","Embassament de Sau (Vilanova de Sau)","384.71","12","19.75"
"2024-05-04T00:00:00.000","Embassament de Siurana (Cornudella de Montsant)","453.17","2.7","0.33"
"2024-05-03T00:00:00.000","Embassament de Susqueda (Osor)","307.1","26.6","61.96"
"2024-05-03T00:00:00.000","Embassament de la Baells (Cercs)","603.62","35.8","39.14"
"2024-05-03T00:00:00.000","Embassament de Siurana (Cornudella de Montsant)","453.16","2.7","0.33"
"2024-05-03T00:00:00.000","Embassament de Sant Ponç (Clariana de Cardener)","514.31","32.2","7.84"
"2024-05-03T00:00:00.000","Embassament de la Llosa del Cavall (Navès)","772.04","23.3","18.64"
"2024-05-03T00:00:00.000","Embassament de Riudecanyes","194.54","2.6","0.14"
"2024-05-03T00:00:00.000","Embassament de Darnius Boadella (Darnius)","135.11","15.6","9.52"
"2024-05-03T00:00:00.000","Embassament de Foix (Castellet i la Gornal)","98.23","65.5","2.45"
"2024-05-03T00:00:00.000","Embassament de Sau (Vilanova de Sau)","383.83","11","18.15"
"2024-05-02T00:00:00.000","Embassament de la Baells (Cercs)","602.94","34.7","37.95"
"2024-05-02T00:00:00.000","Embassament de Sau (Vilanova de Sau)","382.54","9.6","15.92"
"2024-05-02T00:00:00.000","Embassament de Foix (Castellet i la Gornal)","98.24","65.7","2.46"
"2024-05-02T00:00:00.000","Embassament de la Llosa del Cavall (Navès)","771.7","22.9","18.34"
"2024-05-02T00:00:00.000","Embassament de Siurana (Cornudella de Montsant)","453.15","2.7","0.33"
"2024-05-02T00:00:00.000","Embassament de Sant Ponç (Clariana de Cardener)","514.26","32","7.81"
"2024-05-02T00:00:00.000","Embassament de Darnius Boadella (Darnius)","134.74","15","9.16"
"2024-05-02T00:00:00.000","Embassament de Susqueda (Osor)","307.17","26.7","62.13"
"2024-05-02T00:00:00.000","Embassament de Riudecanyes","194.54","2.6","0.14"
"2024-05-01T00:00:00.000","Embassament de Sau (Vilanova de Sau)","380.23","7.4","12.22"
"2024-05-01T00:00:00.000","Embassament de Darnius Boadella (Darnius)","134.16","14.1","8.6"
"2024-05-01T00:00:00.000","Embassament de Susqueda (Osor)","307.19","26.7","62.11"
"2024-05-01T00:00:00.000","Embassament de Riudecanyes","194.54","2.6","0.14"
"2024-05-01T00:00:00.000","Embassament de Siurana (Cornudella de Montsant)","453.14","2.7","0.33"
"2024-05-01T00:00:00.000","Embassament de la Baells (Cercs)","601.82","33","36.08"
"2024-05-01T00:00:00.000","Embassament de la Llosa del Cavall (Navès)","771.23","22.4","17.92"
"2024-05-01T00:00:00.000","Embassament de Sant Ponç (Clariana de Cardener)","514.19","31.8","7.76"
"2024-05-01T00:00:00.000","Embassament de Foix (Castellet i la Gornal)","98.24","65.7","2.46"
"2024-04-30T00:00:00.000","Embassament de Sant Ponç (Clariana de Cardener)","514.09","31.5","7.68"
"2024-04-30T00:00:00.000","Embassament de Susqueda (Osor)","307.07","26.6","61.9"
"2024-04-30T00:00:00.000","Embassament de la Llosa del Cavall (Navès)","770.47","21.6","17.27"
"2024-04-30T00:00:00.000","Embassament de Riudecanyes","194.54","2.6","0.14"
"2024-04-30T00:00:00.000","Embassament de Siurana (Cornudella de Montsant)","453.11","2.7","0.33"
"2024-04-30T00:00:00.000","Embassament de Darnius Boadella (Darnius)","133.35","12.9","7.86"
"2024-04-30T00:00:00.000","Embassament de Foix (Castellet i la Gornal)","98.21","65.4","2.44"
"2024-04-30T00:00:00.000","Embassament de Sau (Vilanova de Sau)","376","3.8","6.3"
"2024-04-30T00:00:00.000","Embassament de la Baells (Cercs)","599.37","29.4","32.23"
"2024-04-29T00:00:00.000","Embassament de Sau (Vilanova de Sau)","373.92","2.3","3.85"
"2024-04-29T00:00:00.000","Embassament de Riudecanyes","194.52","2.6","0.14"
"2024-04-29T00:00:00.000","Embassament de la Baells (Cercs)","596.83","26.1","28.56"
"2024-04-29T00:00:00.000","Embassament de Sant Ponç (Clariana de Cardener)","514","31.2","7.62"
"2024-04-29T00:00:00.000","Embassament de Siurana (Cornudella de Montsant)","453.04","2.6","0.32"
"2024-04-29T00:00:00.000","Embassament de la Llosa del Cavall (Navès)","769.73","20.8","16.64"
"2024-04-29T00:00:00.000","Embassament de Susqueda (Osor)","306.82","26.3","61.32"
"2024-04-29T00:00:00.000","Embassament de Foix (Castellet i la Gornal)","97.95","61.9","2.31"
"2024-04-29T00:00:00.000","Embassament de Darnius Boadella (Darnius)","132.46","11.6","7.08"
"2024-04-28T00:00:00.000","Embassament de Sau (Vilanova de Sau)","373.91","2.3","3.84"
"2024-04-28T00:00:00.000","Embassament de Riudecanyes","194.51","2.6","0.14"
"2024-04-28T00:00:00.000","Embassament de la Baells (Cercs)","596.43","25.6","28"
"2024-04-28T00:00:00.000","Embassament de Siurana (Cornudella de Montsant)","453.01","2.6","0.32"
"2024-04-28T00:00:00.000","Embassament de Sant Ponç (Clariana de Cardener)","514","31.3","7.62"
"2024-04-28T00:00:00.000","Embassament de Foix (Castellet i la Gornal)","97.86","60.7","2.27"
"2024-04-28T00:00:00.000","Embassament de la Llosa del Cavall (Navès)","769.56","20.6","16.5"
"2024-04-28T00:00:00.000","Embassament de Darnius Boadella (Darnius)","132.28","11.3","6.93"
"2024-04-28T00:00:00.000","Embassament de Susqueda (Osor)","306.48","26","60.56"
"2024-04-27T00:00:00.000","Embassament de Darnius Boadella (Darnius)","132.28","11.3","6.93"
"2024-04-27T00:00:00.000","Embassament de Foix (Castellet i la Gornal)","97.86","60.7","2.27"
"2024-04-27T00:00:00.000","Embassament de la Baells (Cercs)","596.39","25.5","27.95"
"2024-04-27T00:00:00.000","Embassament de Riudecanyes","194.57","2.6","0.14"
"2024-04-27T00:00:00.000","Embassament de Sau (Vilanova de Sau)","374.35","2.6","4.3"
"2024-04-27T00:00:00.000","Embassament de Siurana (Cornudella de Montsant)","453.01","2.6","0.32"
"2024-04-27T00:00:00.000","Embassament de la Llosa del Cavall (Navès)","769.46","20.5","16.42"
"2024-04-27T00:00:00.000","Embassament de Sant Ponç (Clariana de Cardener)","514.03","31.3","7.64"
"2024-04-27T00:00:00.000","Embassament de Susqueda (Osor)","306.18","25.7","59.89"
"2024-04-26T00:00:00.000","Embassament de la Baells (Cercs)","596.4","25.6","27.97"
"2024-04-26T00:00:00.000","Embassament de Darnius Boadella (Darnius)","132.27","11.3","6.93"
"2024-04-26T00:00:00.000","Embassament de Foix (Castellet i la Gornal)","97.86","60.7","2.27"
"2024-04-26T00:00:00.000","Embassament de Susqueda (Osor)","305.92","25.5","59.3"
"2024-04-26T00:00:00.000","Embassament de la Llosa del Cavall (Navès)","769.42","20.5","16.39"
"2024-04-26T00:00:00.000","Embassament de Siurana (Cornudella de Montsant)","453.02","2.6","0.32"
"2024-04-26T00:00:00.000","Embassament de Sau (Vilanova de Sau)","374.91","3","4.94"
"2024-04-26T00:00:00.000","Embassament de Riudecanyes","194.64","2.7","0.14"
"2024-04-26T00:00:00.000","Embassament de Sant Ponç (Clariana de Cardener)","514.07","31.5","7.67"
"2024-04-25T00:00:00.000","Embassament de Darnius Boadella (Darnius)","132.28","11.3","6.93"
"2024-04-25T00:00:00.000","Embassament de Riudecanyes","194.7","2.8","0.15"
"2024-04-25T00:00:00.000","Embassament de Susqueda (Osor)","305.65","25.2","58.71"
"2024-04-25T00:00:00.000","Embassament de la Llosa del Cavall (Navès)","769.4","20.5","16.37"
"2024-04-25T00:00:00.000","Embassament de Sau (Vilanova de Sau)","375.44","3.4","5.57"
"2024-04-25T00:00:00.000","Embassament de la Baells (Cercs)","596.41","25.6","27.98"
"2024-04-25T00:00:00.000","Embassament de Foix (Castellet i la Gornal)","97.87","60.7","2.27"
"2024-04-25T00:00:00.000","Embassament de Siurana (Cornudella de Montsant)","453.04","2.6","0.32"
"2024-04-25T00:00:00.000","Embassament de Sant Ponç (Clariana de Cardener)","514.11","31.6","7.7"
"2024-04-24T00:00:00.000","Embassament de Susqueda (Osor)","305.34","24.9","58.01"
"2024-04-24T00:00:00.000","Embassament de Foix (Castellet i la Gornal)","97.86","60.7","2.27"
"2024-04-24T00:00:00.000","Embassament de Sau (Vilanova de Sau)","375.97","3.8","6.22"
"2024-04-24T00:00:00.000","Embassament de Riudecanyes","194.74","2.8","0.15"
"2024-04-24T00:00:00.000","Embassament de la Baells (Cercs)","596.42","25.6","27.99"
"2024-04-24T00:00:00.000","Embassament de Siurana (Cornudella de Montsant)","453.06","2.6","0.32"
"2024-04-24T00:00:00.000","Embassament de Darnius Boadella (Darnius)","132.3","11.4","6.95"
"2024-04-24T00:00:00.000","Embassament de Sant Ponç (Clariana de Cardener)","514.16","31.7","7.73"
"2024-04-24T00:00:00.000","Embassament de la Llosa del Cavall (Navès)","769.38","20.4","16.35"
"2024-04-23T00:00:00.000","Embassament de la Baells (Cercs)","596.42","25.6","27.99"
"2024-04-23T00:00:00.000","Embassament de Foix (Castellet i la Gornal)","97.86","60.7","2.27"
"2024-04-23T00:00:00.000","Embassament de Sau (Vilanova de Sau)","376.47","4.2","6.86"
"2024-04-23T00:00:00.000","Embassament de Riudecanyes","194.74","2.8","0.15"
"2024-04-23T00:00:00.000","Embassament de la Llosa del Cavall (Navès)","769.36","20.4","16.34"
"2024-04-23T00:00:00.000","Embassament de Sant Ponç (Clariana de Cardener)","514.26","32","7.8"
"2024-04-23T00:00:00.000","Embassament de Susqueda (Osor)","305.04","24.6","57.36"
"2024-04-23T00:00:00.000","Embassament de Darnius Boadella (Darnius)","132.33","11.4","6.98"
"2024-04-23T00:00:00.000","Embassament de Siurana (Cornudella de Montsant)","453.08","2.7","0.32"
"2024-04-22T00:00:00.000","Embassament de Darnius Boadella (Darnius)","132.37","11.5","7.01"
"2024-04-22T00:00:00.000","Embassament de la Baells (Cercs)","596.42","25.6","27.99"
"2024-04-22T00:00:00.000","Embassament de Sau (Vilanova de Sau)","376.9","4.5","7.41"
"2024-04-22T00:00:00.000","Embassament de Riudecanyes","194.74","2.8","0.15"
"2024-04-22T00:00:00.000","Embassament de la Llosa del Cavall (Navès)","769.34","20.4","16.32"
"2024-04-22T00:00:00.000","Embassament de Sant Ponç (Clariana de Cardener)","514.36","32.3","7.88"
"2024-04-22T00:00:00.000","Embassament de Susqueda (Osor)","304.73","24.3","56.69"
"2024-04-22T00:00:00.000","Embassament de Foix (Castellet i la Gornal)","97.8","59.9","2.24"
"2024-04-22T00:00:00.000","Embassament de Siurana (Cornudella de Montsant)","453.1","2.7","0.33"
"2024-04-21T00:00:00.000","Embassament de Siurana (Cornudella de Montsant)","453.12","2.7","0.33"
"2024-04-21T00:00:00.000","Embassament de Foix (Castellet i la Gornal)","97.75","59.3","2.22"
"2024-04-21T00:00:00.000","Embassament de Riudecanyes","194.74","2.8","0.15"
"2024-04-21T00:00:00.000","Embassament de la Llosa del Cavall (Navès)","769.31","20.4","16.3"
"2024-04-21T00:00:00.000","Embassament de Sant Ponç (Clariana de Cardener)","514.45","32.6","7.94"
"2024-04-21T00:00:00.000","Embassament de la Baells (Cercs)","596.41","25.6","27.98"
"2024-04-21T00:00:00.000","Embassament de Sau (Vilanova de Sau)","377.3","4.8","7.95"
"2024-04-21T00:00:00.000","Embassament de Susqueda (Osor)","304.42","24","56.01"
"2024-04-21T00:00:00.000","Embassament de Darnius Boadella (Darnius)","132.4","11.5","7.03"
"2024-04-20T00:00:00.000","Embassament de la Baells (Cercs)","596.4","25.6","27.96"
"2024-04-20T00:00:00.000","Embassament de Foix (Castellet i la Gornal)","97.75","59.3","2.22"
"2024-04-20T00:00:00.000","Embassament de Riudecanyes","194.74","2.8","0.15"
"2024-04-20T00:00:00.000","Embassament de Darnius Boadella (Darnius)","132.43","11.6","7.06"
"2024-04-20T00:00:00.000","Embassament de Sau (Vilanova de Sau)","377.7","5.1","8.49"
"2024-04-20T00:00:00.000","Embassament de Susqueda (Osor)","304.1","23.7","55.34"
"2024-04-20T00:00:00.000","Embassament de Siurana (Cornudella de Montsant)","453.15","2.7","0.33"
"2024-04-20T00:00:00.000","Embassament de la Llosa del Cavall (Navès)","769.28","20.3","16.27"
"2024-04-20T00:00:00.000","Embassament de Sant Ponç (Clariana de Cardener)","514.5","32.7","7.98"
"2024-04-19T00:00:00.000","Embassament de Susqueda (Osor)","303.78","23.5","54.66"
"2024-04-19T00:00:00.000","Embassament de Foix (Castellet i la Gornal)","97.76","59.4","2.22"
"2024-04-19T00:00:00.000","Embassament de la Baells (Cercs)","596.39","25.5","27.95"
"2024-04-19T00:00:00.000","Embassament de Sau (Vilanova de Sau)","378.08","5.5","9.02"
"2024-04-19T00:00:00.000","Embassament de Darnius Boadella (Darnius)","132.45","11.6","7.08"
"2024-04-19T00:00:00.000","Embassament de Siurana (Cornudella de Montsant)","453.16","2.7","0.33"
"2024-04-19T00:00:00.000","Embassament de Riudecanyes","194.74","2.8","0.15"
"2024-04-19T00:00:00.000","Embassament de la Llosa del Cavall (Navès)","769.25","20.3","16.25"
"2024-04-19T00:00:00.000","Embassament de Sant Ponç (Clariana de Cardener)","514.54","32.9","8.01"
"2024-04-18T00:00:00.000","Embassament de la Baells (Cercs)","596.38","25.5","27.94"
"2024-04-18T00:00:00.000","Embassament de Sau (Vilanova de Sau)","378.43","5.8","9.52"
"2024-04-18T00:00:00.000","Embassament de Susqueda (Osor)","303.46","23.2","53.98"
"2024-04-18T00:00:00.000","Embassament de la Llosa del Cavall (Navès)","769.21","20.3","16.21"
"2024-04-18T00:00:00.000","Embassament de Sant Ponç (Clariana de Cardener)","514.58","33","8.04"
"2024-04-18T00:00:00.000","Embassament de Siurana (Cornudella de Montsant)","453.18","2.7","0.33"
"2024-04-18T00:00:00.000","Embassament de Riudecanyes","194.74","2.8","0.15"
"2024-04-18T00:00:00.000","Embassament de Darnius Boadella (Darnius)","132.47","11.6","7.09"
"2024-04-18T00:00:00.000","Embassament de Foix (Castellet i la Gornal)","97.79","59.7","2.23"
"2024-04-17T00:00:00.000","Embassament de la Llosa del Cavall (Navès)","769.16","20.2","16.17"
"2024-04-17T00:00:00.000","Embassament de Sant Ponç (Clariana de Cardener)","514.62","33.1","8.07"
"2024-04-17T00:00:00.000","Embassament de Darnius Boadella (Darnius)","132.49","11.6","7.11"
"2024-04-17T00:00:00.000","Embassament de Foix (Castellet i la Gornal)","97.79","59.8","2.24"
"2024-04-17T00:00:00.000","Embassament de la Baells (Cercs)","596.37","25.5","27.92"
"2024-04-17T00:00:00.000","Embassament de Riudecanyes","194.74","2.8","0.15"
"2024-04-17T00:00:00.000","Embassament de Susqueda (Osor)","303.15","22.9","53.34"
"2024-04-17T00:00:00.000","Embassament de Sau (Vilanova de Sau)","378.77","6.1","10.01"
"2024-04-17T00:00:00.000","Embassament de Siurana (Cornudella de Montsant)","453.21","2.7","0.33"
"2024-04-16T00:00:00.000","Embassament de Sant Ponç (Clariana de Cardener)","514.66","33.2","8.1"
"2024-04-16T00:00:00.000","Embassament de Foix (Castellet i la Gornal)","97.82","60.2","2.25"
"2024-04-16T00:00:00.000","Embassament de la Llosa del Cavall (Navès)","769.1","20.2","16.12"
"2024-04-16T00:00:00.000","Embassament de Siurana (Cornudella de Montsant)","453.23","2.8","0.34"
"2024-04-16T00:00:00.000","Embassament de Riudecanyes","194.75","2.8","0.15"
"2024-04-16T00:00:00.000","Embassament de Darnius Boadella (Darnius)","132.51","11.7","7.13"
"2024-04-16T00:00:00.000","Embassament de Susqueda (Osor)","302.97","22.7","52.96"
"2024-04-16T00:00:00.000","Embassament de la Baells (Cercs)","596.36","25.5","27.91"
"2024-04-16T00:00:00.000","Embassament de Sau (Vilanova de Sau)","379.11","6.4","10.51"
"2024-04-15T00:00:00.000","Embassament de Susqueda (Osor)","302.72","22.5","52.44"
"2024-04-15T00:00:00.000","Embassament de la Baells (Cercs)","596.34","25.5","27.88"
"2024-04-15T00:00:00.000","Embassament de Sau (Vilanova de Sau)","379.41","6.6","10.95"
"2024-04-15T00:00:00.000","Embassament de Foix (Castellet i la Gornal)","97.85","60.6","2.27"
"2024-04-15T00:00:00.000","Embassament de Riudecanyes","194.75","2.8","0.15"
"2024-04-15T00:00:00.000","Embassament de Sant Ponç (Clariana de Cardener)","514.7","33.4","8.13"
"2024-04-15T00:00:00.000","Embassament de la Llosa del Cavall (Navès)","769.04","20.1","16.08"
"2024-04-15T00:00:00.000","Embassament de Siurana (Cornudella de Montsant)","453.26","2.8","0.34"
"2024-04-15T00:00:00.000","Embassament de Darnius Boadella (Darnius)","132.53","11.7","7.15"
"2024-04-14T00:00:00.000","Embassament de Darnius Boadella (Darnius)","132.55","11.7","7.16"
"2024-04-14T00:00:00.000","Embassament de Riudecanyes","194.75","2.8","0.15"
"2024-04-14T00:00:00.000","Embassament de la Llosa del Cavall (Navès)","768.98","20","16.03"
"2024-04-14T00:00:00.000","Embassament de Siurana (Cornudella de Montsant)","453.29","2.8","0.34"
"2024-04-14T00:00:00.000","Embassament de Foix (Castellet i la Gornal)","97.87","60.8","2.27"
"2024-04-14T00:00:00.000","Embassament de Susqueda (Osor)","302.41","22.2","51.81"
"2024-04-14T00:00:00.000","Embassament de Sant Ponç (Clariana de Cardener)","514.74","33.5","8.16"
"2024-04-14T00:00:00.000","Embassament de Sau (Vilanova de Sau)","379.71","6.9","11.4"
"2024-04-14T00:00:00.000","Embassament de la Baells (Cercs)","596.28","25.4","27.8"
"2024-04-13T00:00:00.000","Embassament de Riudecanyes","194.75","2.8","0.15"
"2024-04-13T00:00:00.000","Embassament de Siurana (Cornudella de Montsant)","453.31","2.8","0.34"
"2024-04-13T00:00:00.000","Embassament de Sant Ponç (Clariana de Cardener)","514.73","33.4","8.15"
"2024-04-13T00:00:00.000","Embassament de la Llosa del Cavall (Navès)","768.91","20","15.98"
"2024-04-13T00:00:00.000","Embassament de Susqueda (Osor)","302.09","22","51.16"
"2024-04-13T00:00:00.000","Embassament de Foix (Castellet i la Gornal)","97.87","60.8","2.28"
"2024-04-13T00:00:00.000","Embassament de la Baells (Cercs)","596.2","25.3","27.7"
"2024-04-13T00:00:00.000","Embassament de Sau (Vilanova de Sau)","379.98","7.1","11.8"
"2024-04-13T00:00:00.000","Embassament de Darnius Boadella (Darnius)","132.56","11.7","7.17"
"2024-04-12T00:00:00.000","Embassament de Siurana (Cornudella de Montsant)","453.32","2.8","0.34"
"2024-04-12T00:00:00.000","Embassament de Susqueda (Osor)","301.79","21.7","50.55"
"2024-04-12T00:00:00.000","Embassament de la Baells (Cercs)","596.12","25.2","27.6"
"2024-04-12T00:00:00.000","Embassament de la Llosa del Cavall (Navès)","768.83","19.9","15.91"
"2024-04-12T00:00:00.000","Embassament de Riudecanyes","194.74","2.8","0.15"
"2024-04-12T00:00:00.000","Embassament de Foix (Castellet i la Gornal)","97.88","60.9","2.28"
"2024-04-12T00:00:00.000","Embassament de Darnius Boadella (Darnius)","132.58","11.8","7.18"
"2024-04-12T00:00:00.000","Embassament de Sant Ponç (Clariana de Cardener)","514.71","33.4","8.14"
"2024-04-12T00:00:00.000","Embassament de Sau (Vilanova de Sau)","380.25","7.4","12.21"
"2024-04-11T00:00:00.000","Embassament de Sau (Vilanova de Sau)","380.42","7.5","12.48"
"2024-04-11T00:00:00.000","Embassament de Riudecanyes","194.74","2.8","0.15"
"2024-04-11T00:00:00.000","Embassament de la Baells (Cercs)","596.04","25.1","27.49"
"2024-04-11T00:00:00.000","Embassament de Susqueda (Osor)","301.54","21.5","50.04"
"2024-04-11T00:00:00.000","Embassament de Siurana (Cornudella de Montsant)","453.34","2.8","0.34"
"2024-04-11T00:00:00.000","Embassament de la Llosa del Cavall (Navès)","768.74","19.8","15.84"
"2024-04-11T00:00:00.000","Embassament de Foix (Castellet i la Gornal)","97.89","61.1","2.28"
"2024-04-11T00:00:00.000","Embassament de Sant Ponç (Clariana de Cardener)","514.66","33.2","8.1"
"2024-04-11T00:00:00.000","Embassament de Darnius Boadella (Darnius)","132.59","11.8","7.19"
"2024-04-10T00:00:00.000","Embassament de Riudecanyes","194.74","2.8","0.15"
"2024-04-10T00:00:00.000","Embassament de Foix (Castellet i la Gornal)","97.92","61.5","2.3"
"2024-04-10T00:00:00.000","Embassament de Sant Ponç (Clariana de Cardener)","514.63","33.1","8.07"
"2024-04-10T00:00:00.000","Embassament de la Llosa del Cavall (Navès)","768.64","19.7","15.75"
"2024-04-10T00:00:00.000","Embassament de Susqueda (Osor)","301.47","21.4","49.9"
"2024-04-10T00:00:00.000","Embassament de Sau (Vilanova de Sau)","380.37","7.5","12.4"
"2024-04-10T00:00:00.000","Embassament de Darnius Boadella (Darnius)","132.6","11.8","7.2"
"2024-04-10T00:00:00.000","Embassament de la Baells (Cercs)","595.94","25","27.35"
"2024-04-10T00:00:00.000","Embassament de Siurana (Cornudella de Montsant)","453.36","2.8","0.35"
"2024-04-09T00:00:00.000","Embassament de Darnius Boadella (Darnius)","132.62","11.8","7.22"
"2024-04-09T00:00:00.000","Embassament de la Llosa del Cavall (Navès)","768.51","19.6","15.65"
"2024-04-09T00:00:00.000","Embassament de Susqueda (Osor)","301.4","21.4","49.76"
"2024-04-09T00:00:00.000","Embassament de Foix (Castellet i la Gornal)","97.95","61.9","2.31"
"2024-04-09T00:00:00.000","Embassament de Sant Ponç (Clariana de Cardener)","514.58","32.9","8.03"
"2024-04-09T00:00:00.000","Embassament de Siurana (Cornudella de Montsant)","453.38","2.8","0.35"
"2024-04-09T00:00:00.000","Embassament de Sau (Vilanova de Sau)","380.28","7.4","12.26"
"2024-04-09T00:00:00.000","Embassament de la Baells (Cercs)","595.81","24.8","27.18"
"2024-04-09T00:00:00.000","Embassament de Riudecanyes","194.75","2.8","0.15"
"2024-04-08T00:00:00.000","Embassament de Sant Ponç (Clariana de Cardener)","514.53","32.8","7.99"
"2024-04-08T00:00:00.000","Embassament de la Llosa del Cavall (Navès)","768.36","19.4","15.54"
"2024-04-08T00:00:00.000","Embassament de Foix (Castellet i la Gornal)","97.98","62.2","2.33"
"2024-04-08T00:00:00.000","Embassament de Siurana (Cornudella de Montsant)","453.4","2.9","0.35"
"2024-04-08T00:00:00.000","Embassament de Sau (Vilanova de Sau)","380.21","7.4","12.16"
"2024-04-08T00:00:00.000","Embassament de Susqueda (Osor)","301.32","21.3","49.6"
"2024-04-08T00:00:00.000","Embassament de Riudecanyes","194.76","2.8","0.15"
"2024-04-08T00:00:00.000","Embassament de Darnius Boadella (Darnius)","132.63","11.8","7.23"
"2024-04-08T00:00:00.000","Embassament de la Baells (Cercs)","595.66","24.7","26.99"
"2024-04-07T00:00:00.000","Embassament de Sau (Vilanova de Sau)","380.13","7.3","12.04"
"2024-04-07T00:00:00.000","Embassament de Sant Ponç (Clariana de Cardener)","514.48","32.6","7.95"
"2024-04-07T00:00:00.000","Embassament de Riudecanyes","194.76","2.8","0.15"
"2024-04-07T00:00:00.000","Embassament de Susqueda (Osor)","301.22","21.2","49.4"
"2024-04-07T00:00:00.000","Embassament de Darnius Boadella (Darnius)","132.63","11.8","7.23"
"2024-04-07T00:00:00.000","Embassament de Siurana (Cornudella de Montsant)","453.42","2.9","0.35"
"2024-04-07T00:00:00.000","Embassament de Foix (Castellet i la Gornal)","97.98","62.3","2.33"
"2024-04-07T00:00:00.000","Embassament de la Llosa del Cavall (Navès)","768.21","19.3","15.42"
"2024-04-07T00:00:00.000","Embassament de la Baells (Cercs)","595.49","24.5","26.76"
"2024-04-06T00:00:00.000","Embassament de Darnius Boadella (Darnius)","132.63","11.8","7.23"
"2024-04-06T00:00:00.000","Embassament de Sant Ponç (Clariana de Cardener)","514.43","32.4","7.91"
"2024-04-06T00:00:00.000","Embassament de la Baells (Cercs)","595.3","24.2","26.52"
"2024-04-06T00:00:00.000","Embassament de la Llosa del Cavall (Navès)","768.04","19.1","15.29"
"2024-04-06T00:00:00.000","Embassament de Sau (Vilanova de Sau)","380.05","7.2","11.91"
"2024-04-06T00:00:00.000","Embassament de Siurana (Cornudella de Montsant)","453.43","2.9","0.35"
"2024-04-06T00:00:00.000","Embassament de Riudecanyes","194.75","2.8","0.15"
"2024-04-06T00:00:00.000","Embassament de Susqueda (Osor)","301.13","21.1","49.22"
"2024-04-06T00:00:00.000","Embassament de Foix (Castellet i la Gornal)","97.99","62.4","2.33"
"2024-04-05T00:00:00.000","Embassament de Riudecanyes","194.75","2.8","0.15"
"2024-04-05T00:00:00.000","Embassament de Siurana (Cornudella de Montsant)","453.44","2.9","0.35"
"2024-04-05T00:00:00.000","Embassament de Sau (Vilanova de Sau)","379.94","7.1","11.75"
"2024-04-05T00:00:00.000","Embassament de Susqueda (Osor)","301.06","21.1","49.08"
"2024-04-05T00:00:00.000","Embassament de la Llosa del Cavall (Navès)","767.86","18.9","15.15"
"2024-04-05T00:00:00.000","Embassament de Sant Ponç (Clariana de Cardener)","514.37","32.3","7.87"
"2024-04-05T00:00:00.000","Embassament de Darnius Boadella (Darnius)","132.63","11.8","7.23"
"2024-04-05T00:00:00.000","Embassament de Foix (Castellet i la Gornal)","97.99","62.4","2.33"
"2024-04-05T00:00:00.000","Embassament de la Baells (Cercs)","595.11","24","26.27"
"2024-04-04T00:00:00.000","Embassament de Susqueda (Osor)","301.03","21","49.03"
"2024-04-04T00:00:00.000","Embassament de Sant Ponç (Clariana de Cardener)","514.31","32.1","7.82"
"2024-04-04T00:00:00.000","Embassament de Darnius Boadella (Darnius)","132.6","11.8","7.2"
"2024-04-04T00:00:00.000","Embassament de la Llosa del Cavall (Navès)","767.66","18.7","15"
"2024-04-04T00:00:00.000","Embassament de la Baells (Cercs)","594.9","23.8","26.01"
"2024-04-04T00:00:00.000","Embassament de Siurana (Cornudella de Montsant)","453.45","2.9","0.35"
"2024-04-04T00:00:00.000","Embassament de Riudecanyes","194.74","2.8","0.15"
"2024-04-04T00:00:00.000","Embassament de Foix (Castellet i la Gornal)","98","62.5","2.34"
"2024-04-04T00:00:00.000","Embassament de Sau (Vilanova de Sau)","379.77","6.9","11.48"
"2024-04-03T00:00:00.000","Embassament de Sau (Vilanova de Sau)","379.36","6.6","10.87"
"2024-04-03T00:00:00.000","Embassament de la Baells (Cercs)","594.67","23.5","25.71"
"2024-04-03T00:00:00.000","Embassament de Siurana (Cornudella de Montsant)","453.47","2.9","0.35"
"2024-04-03T00:00:00.000","Embassament de Foix (Castellet i la Gornal)","98","62.5","2.34"
"2024-04-03T00:00:00.000","Embassament de Sant Ponç (Clariana de Cardener)","514.24","31.9","7.77"
"2024-04-03T00:00:00.000","Embassament de Riudecanyes","194.74","2.8","0.15"
"2024-04-03T00:00:00.000","Embassament de la Llosa del Cavall (Navès)","767.45","18.5","14.83"
"2024-04-03T00:00:00.000","Embassament de Darnius Boadella (Darnius)","132.59","11.8","7.2"
"2024-04-03T00:00:00.000","Embassament de Susqueda (Osor)","301.12","21.1","49.21"
"2024-04-02T00:00:00.000","Embassament de la Llosa del Cavall (Navès)","767.21","18.3","14.65"
"2024-04-02T00:00:00.000","Embassament de Sau (Vilanova de Sau)","378.74","6","9.97"
"2024-04-02T00:00:00.000","Embassament de Foix (Castellet i la Gornal)","98","62.6","2.34"
"2024-04-02T00:00:00.000","Embassament de Riudecanyes","194.74","2.8","0.15"
"2024-04-02T00:00:00.000","Embassament de Siurana (Cornudella de Montsant)","453.49","2.9","0.36"
"2024-04-02T00:00:00.000","Embassament de Sant Ponç (Clariana de Cardener)","514.16","31.6","7.71"
"2024-04-02T00:00:00.000","Embassament de Darnius Boadella (Darnius)","132.57","11.7","7.17"
"2024-04-02T00:00:00.000","Embassament de Susqueda (Osor)","301.19","21.2","49.35"
"2024-04-02T00:00:00.000","Embassament de la Baells (Cercs)","594.39","23.2","25.36"
"2024-04-01T00:00:00.000","Embassament de Riudecanyes","194.73","2.8","0.15"
"2024-04-01T00:00:00.000","Embassament de la Llosa del Cavall (Navès)","766.86","17.8","14.23"
"2024-04-01T00:00:00.000","Embassament de Sau (Vilanova de Sau)","377.76","4.8","8"
"2024-04-01T00:00:00.000","Embassament de Siurana (Cornudella de Montsant)","453.5","2.9","0.36"
"2024-04-01T00:00:00.000","Embassament de la Baells (Cercs)","593.98","22.7","24.86"
"2024-04-01T00:00:00.000","Embassament de Darnius Boadella (Darnius)","132.55","11.7","7.15"
"2024-04-01T00:00:00.000","Embassament de Foix (Castellet i la Gornal)","98.01","62.5","2.34"
"2024-04-01T00:00:00.000","Embassament de Sant Ponç (Clariana de Cardener)","514.02","31.2","7.6"
"2024-04-01T00:00:00.000","Embassament de Susqueda (Osor)","301.23","21.2","49.42"
"2024-03-31T00:00:00.000","Embassament de Darnius Boadella (Darnius)","132.52","11.7","7.14"
"2024-03-31T00:00:00.000","Embassament de Riudecanyes","194.72","2.8","0.15"
"2024-03-31T00:00:00.000","Embassament de Foix (Castellet i la Gornal)","97.97","62.1","2.32"
"2024-03-31T00:00:00.000","Embassament de Siurana (Cornudella de Montsant)","453.51","2.9","0.36"
"2024-03-31T00:00:00.000","Embassament de Susqueda (Osor)","301.14","21.1","49.25"
"2024-03-31T00:00:00.000","Embassament de la Llosa del Cavall (Navès)","766.47","17.6","14.11"
"2024-03-31T00:00:00.000","Embassament de la Baells (Cercs)","593.5","22.2","24.27"
"2024-03-31T00:00:00.000","Embassament de Sant Ponç (Clariana de Cardener)","513.93","31","7.57"
"2024-03-31T00:00:00.000","Embassament de Sau (Vilanova de Sau)","377.19","4.7","7.81"
"2024-03-30T00:00:00.000","Embassament de Sant Ponç (Clariana de Cardener)","513.87","30.9","7.53"
"2024-03-30T00:00:00.000","Embassament de Sau (Vilanova de Sau)","377.05","4.6","7.61"
"2024-03-30T00:00:00.000","Embassament de Siurana (Cornudella de Montsant)","453.53","2.9","0.36"
"2024-03-30T00:00:00.000","Embassament de Darnius Boadella (Darnius)","132.51","11.7","7.13"
"2024-03-30T00:00:00.000","Embassament de la Baells (Cercs)","593.26","21.9","23.98"
"2024-03-30T00:00:00.000","Embassament de Riudecanyes","194.72","2.8","0.15"
"2024-03-30T00:00:00.000","Embassament de la Llosa del Cavall (Navès)","766.2","17.4","13.91"
"2024-03-30T00:00:00.000","Embassament de Susqueda (Osor)","301.03","21","49.03"
"2024-03-30T00:00:00.000","Embassament de Foix (Castellet i la Gornal)","97.85","60.5","2.26"
"2024-03-29T00:00:00.000","Embassament de Foix (Castellet i la Gornal)","97.85","60.5","2.26"
"2024-03-29T00:00:00.000","Embassament de Susqueda (Osor)","300.94","21","48.85"
"2024-03-29T00:00:00.000","Embassament de Siurana (Cornudella de Montsant)","453.55","3","0.36"
"2024-03-29T00:00:00.000","Embassament de la Baells (Cercs)","593.05","21.7","23.73"
"2024-03-29T00:00:00.000","Embassament de Darnius Boadella (Darnius)","132.49","11.6","7.11"
"2024-03-29T00:00:00.000","Embassament de Riudecanyes","194.71","2.8","0.15"
"2024-03-29T00:00:00.000","Embassament de la Llosa del Cavall (Navès)","765.96","17.2","13.74"
"2024-03-29T00:00:00.000","Embassament de Sant Ponç (Clariana de Cardener)","513.83","30.7","7.49"
"2024-03-29T00:00:00.000","Embassament de Sau (Vilanova de Sau)","376.96","4.5","7.5"
"2024-03-28T00:00:00.000","Embassament de Sau (Vilanova de Sau)","376.8","4.4","7.29"
"2024-03-28T00:00:00.000","Embassament de Sant Ponç (Clariana de Cardener)","513.77","30.6","7.46"
"2024-03-28T00:00:00.000","Embassament de Susqueda (Osor)","300.85","20.9","48.67"
"2024-03-28T00:00:00.000","Embassament de Siurana (Cornudella de Montsant)","453.57","3","0.36"
"2024-03-28T00:00:00.000","Embassament de Riudecanyes","194.7","2.8","0.15"
"2024-03-28T00:00:00.000","Embassament de la Llosa del Cavall (Navès)","765.72","17","13.57"
"2024-03-28T00:00:00.000","Embassament de Darnius Boadella (Darnius)","132.46","11.6","7.08"
"2024-03-28T00:00:00.000","Embassament de la Baells (Cercs)","592.84","21.5","23.48"
"2024-03-28T00:00:00.000","Embassament de Foix (Castellet i la Gornal)","97.85","60.5","2.26"
"2024-03-27T00:00:00.000","Embassament de la Llosa del Cavall (Navès)","765.48","16.8","13.41"
"2024-03-27T00:00:00.000","Embassament de Sant Ponç (Clariana de Cardener)","513.7","30.4","7.41"
"2024-03-27T00:00:00.000","Embassament de la Baells (Cercs)","592.62","21.2","23.23"
"2024-03-27T00:00:00.000","Embassament de Susqueda (Osor)","300.77","20.8","48.51"
"2024-03-27T00:00:00.000","Embassament de Siurana (Cornudella de Montsant)","453.58","3","0.36"
"2024-03-27T00:00:00.000","Embassament de Riudecanyes","194.69","2.7","0.15"
"2024-03-27T00:00:00.000","Embassament de Foix (Castellet i la Gornal)","97.86","60.6","2.27"
"2024-03-27T00:00:00.000","Embassament de Darnius Boadella (Darnius)","132.41","11.5","7.04"
"2024-03-27T00:00:00.000","Embassament de Sau (Vilanova de Sau)","376.53","4.2","6.94"
"2024-03-26T00:00:00.000","Embassament de Sau (Vilanova de Sau)","376.27","4","6.61"
"2024-03-26T00:00:00.000","Embassament de Sant Ponç (Clariana de Cardener)","513.59","30","7.32"
"2024-03-26T00:00:00.000","Embassament de Siurana (Cornudella de Montsant)","453.6","3","0.36"
"2024-03-26T00:00:00.000","Embassament de Susqueda (Osor)","300.71","20.8","48.4"
"2024-03-26T00:00:00.000","Embassament de la Baells (Cercs)","592.39","21","22.96"
"2024-03-26T00:00:00.000","Embassament de la Llosa del Cavall (Navès)","765.29","16.6","13.28"
"2024-03-26T00:00:00.000","Embassament de Foix (Castellet i la Gornal)","97.82","60.1","2.25"
"2024-03-26T00:00:00.000","Embassament de Riudecanyes","194.68","2.7","0.15"
"2024-03-26T00:00:00.000","Embassament de Darnius Boadella (Darnius)","132.39","11.5","7.02"
"2024-03-25T00:00:00.000","Embassament de Susqueda (Osor)","300.64","20.7","48.27"
"2024-03-25T00:00:00.000","Embassament de Siurana (Cornudella de Montsant)","453.6","3","0.36"
"2024-03-25T00:00:00.000","Embassament de Darnius Boadella (Darnius)","132.39","11.5","7.03"
"2024-03-25T00:00:00.000","Embassament de la Llosa del Cavall (Navès)","765.21","16.5","13.22"
"2024-03-25T00:00:00.000","Embassament de la Baells (Cercs)","592.27","20.9","22.82"
"2024-03-25T00:00:00.000","Embassament de Riudecanyes","194.65","2.7","0.14"
"2024-03-25T00:00:00.000","Embassament de Foix (Castellet i la Gornal)","97.74","59.2","2.21"
"2024-03-25T00:00:00.000","Embassament de Sant Ponç (Clariana de Cardener)","513.48","29.7","7.25"
"2024-03-25T00:00:00.000","Embassament de Sau (Vilanova de Sau)","376.14","3.9","6.44"
"2024-03-24T00:00:00.000","Embassament de Foix (Castellet i la Gornal)","97.74","59.1","2.21"
"2024-03-24T00:00:00.000","Embassament de Siurana (Cornudella de Montsant)","453.61","3","0.37"
"2024-03-24T00:00:00.000","Embassament de Riudecanyes","194.65","2.7","0.14"
"2024-03-24T00:00:00.000","Embassament de la Baells (Cercs)","592.21","20.8","22.76"
"2024-03-24T00:00:00.000","Embassament de Sau (Vilanova de Sau)","376.1","3.9","6.38"
"2024-03-24T00:00:00.000","Embassament de Sant Ponç (Clariana de Cardener)","513.4","29.5","7.19"
"2024-03-24T00:00:00.000","Embassament de Darnius Boadella (Darnius)","132.4","11.5","7.03"
"2024-03-24T00:00:00.000","Embassament de Susqueda (Osor)","300.58","20.7","48.14"
"2024-03-24T00:00:00.000","Embassament de la Llosa del Cavall (Navès)","765.16","16.5","13.19"
"2024-03-23T00:00:00.000","Embassament de la Llosa del Cavall (Navès)","765.12","16.4","13.16"
"2024-03-23T00:00:00.000","Embassament de Susqueda (Osor)","300.53","20.6","48.04"
"2024-03-23T00:00:00.000","Embassament de Foix (Castellet i la Gornal)","97.73","59","2.21"
"2024-03-23T00:00:00.000","Embassament de Darnius Boadella (Darnius)","132.43","11.5","7.06"
"2024-03-23T00:00:00.000","Embassament de Sant Ponç (Clariana de Cardener)","513.32","29.3","7.14"
"2024-03-23T00:00:00.000","Embassament de Siurana (Cornudella de Montsant)","453.62","3","0.37"
"2024-03-23T00:00:00.000","Embassament de Riudecanyes","194.64","2.7","0.14"
"2024-03-23T00:00:00.000","Embassament de la Baells (Cercs)","592.14","20.7","22.68"
"2024-03-23T00:00:00.000","Embassament de Sau (Vilanova de Sau)","376.06","3.8","6.33"
"2024-03-22T00:00:00.000","Embassament de Susqueda (Osor)","300.49","20.6","47.96"
"2024-03-22T00:00:00.000","Embassament de Riudecanyes","194.64","2.7","0.14"
"2024-03-22T00:00:00.000","Embassament de Sant Ponç (Clariana de Cardener)","513.25","29.1","7.09"
"2024-03-22T00:00:00.000","Embassament de Siurana (Cornudella de Montsant)","453.65","3","0.37"
"2024-03-22T00:00:00.000","Embassament de Sau (Vilanova de Sau)","376.01","3.8","6.28"
"2024-03-22T00:00:00.000","Embassament de Darnius Boadella (Darnius)","132.44","11.6","7.06"
"2024-03-22T00:00:00.000","Embassament de Foix (Castellet i la Gornal)","97.73","59","2.21"
"2024-03-22T00:00:00.000","Embassament de la Llosa del Cavall (Navès)","765.07","16.4","13.13"
"2024-03-22T00:00:00.000","Embassament de la Baells (Cercs)","592.07","20.6","22.58"
"2024-03-21T00:00:00.000","Embassament de Foix (Castellet i la Gornal)","97.73","59","2.21"
"2024-03-21T00:00:00.000","Embassament de Susqueda (Osor)","300.47","20.6","47.92"
"2024-03-21T00:00:00.000","Embassament de la Llosa del Cavall (Navès)","765.03","16.4","13.1"
"2024-03-21T00:00:00.000","Embassament de la Baells (Cercs)","591.97","20.5","22.47"
"2024-03-21T00:00:00.000","Embassament de Darnius Boadella (Darnius)","132.46","11.6","7.08"
"2024-03-21T00:00:00.000","Embassament de Riudecanyes","194.63","2.7","0.14"
"2024-03-21T00:00:00.000","Embassament de Siurana (Cornudella de Montsant)","453.67","3","0.37"
"2024-03-21T00:00:00.000","Embassament de Sau (Vilanova de Sau)","375.94","3.7","6.19"
"2024-03-21T00:00:00.000","Embassament de Sant Ponç (Clariana de Cardener)","513.17","28.9","7.03"
"2024-03-20T00:00:00.000","Embassament de Sant Ponç (Clariana de Cardener)","513.09","28.6","6.98"
"2024-03-20T00:00:00.000","Embassament de Sau (Vilanova de Sau)","375.81","3.6","6.02"
"2024-03-20T00:00:00.000","Embassament de la Llosa del Cavall (Navès)","764.95","16.3","13.04"
"2024-03-20T00:00:00.000","Embassament de Foix (Castellet i la Gornal)","97.74","59.1","2.21"
"2024-03-20T00:00:00.000","Embassament de Darnius Boadella (Darnius)","132.47","11.6","7.09"
"2024-03-20T00:00:00.000","Embassament de Riudecanyes","194.63","2.7","0.14"
"2024-03-20T00:00:00.000","Embassament de Susqueda (Osor)","300.49","20.6","47.97"
"2024-03-20T00:00:00.000","Embassament de Siurana (Cornudella de Montsant)","453.7","3","0.37"
"2024-03-20T00:00:00.000","Embassament de la Baells (Cercs)","591.86","20.4","22.34"
"2024-03-19T00:00:00.000","Embassament de Susqueda (Osor)","300.49","20.6","47.98"
"2024-03-19T00:00:00.000","Embassament de Siurana (Cornudella de Montsant)","453.7","3","0.37"
"2024-03-19T00:00:00.000","Embassament de Foix (Castellet i la Gornal)","97.75","59.2","2.22"
"2024-03-19T00:00:00.000","Embassament de Sau (Vilanova de Sau)","375.79","3.6","5.99"
"2024-03-19T00:00:00.000","Embassament de la Llosa del Cavall (Navès)","764.86","16.2","12.99"
"2024-03-19T00:00:00.000","Embassament de la Baells (Cercs)","591.73","20.3","22.2"
"2024-03-19T00:00:00.000","Embassament de Riudecanyes","194.63","2.7","0.14"
"2024-03-19T00:00:00.000","Embassament de Sant Ponç (Clariana de Cardener)","513.01","28.4","6.93"
"2024-03-19T00:00:00.000","Embassament de Darnius Boadella (Darnius)","132.49","11.6","7.11"
"2024-03-18T00:00:00.000","Embassament de Sant Ponç (Clariana de Cardener)","512.93","28.2","6.87"
"2024-03-18T00:00:00.000","Embassament de Sau (Vilanova de Sau)","375.75","3.6","5.95"
"2024-03-18T00:00:00.000","Embassament de la Llosa del Cavall (Navès)","764.83","16.2","12.96"
"2024-03-18T00:00:00.000","Embassament de la Baells (Cercs)","591.6","20.2","22.05"
"2024-03-18T00:00:00.000","Embassament de Siurana (Cornudella de Montsant)","453.71","3.1","0.37"
"2024-03-18T00:00:00.000","Embassament de Susqueda (Osor)","300.47","20.6","47.93"
"2024-03-18T00:00:00.000","Embassament de Riudecanyes","194.63","2.7","0.14"
"2024-03-18T00:00:00.000","Embassament de Darnius Boadella (Darnius)","132.51","11.7","7.12"
"2024-03-18T00:00:00.000","Embassament de Foix (Castellet i la Gornal)","97.77","59.6","2.23"
"2024-03-17T00:00:00.000","Embassament de Foix (Castellet i la Gornal)","97.8","59.9","2.24"
"2024-03-17T00:00:00.000","Embassament de la Baells (Cercs)","591.51","20.1","21.96"
"2024-03-17T00:00:00.000","Embassament de Siurana (Cornudella de Montsant)","453.72","3.1","0.37"
"2024-03-17T00:00:00.000","Embassament de Darnius Boadella (Darnius)","132.51","11.7","7.12"
"2024-03-17T00:00:00.000","Embassament de Riudecanyes","194.63","2.7","0.14"
"2024-03-17T00:00:00.000","Embassament de Susqueda (Osor)","300.42","20.5","47.83"
"2024-03-17T00:00:00.000","Embassament de la Llosa del Cavall (Navès)","764.81","16.2","12.95"
"2024-03-17T00:00:00.000","Embassament de Sant Ponç (Clariana de Cardener)","512.84","28","6.81"
"2024-03-17T00:00:00.000","Embassament de Sau (Vilanova de Sau)","375.71","3.6","5.9"
"2024-03-16T00:00:00.000","Embassament de Sau (Vilanova de Sau)","375.67","3.5","5.85"
"2024-03-16T00:00:00.000","Embassament de Sant Ponç (Clariana de Cardener)","512.76","27.7","6.76"
"2024-03-16T00:00:00.000","Embassament de Foix (Castellet i la Gornal)","97.8","60","2.24"
"2024-03-16T00:00:00.000","Embassament de Siurana (Cornudella de Montsant)","453.73","3.1","0.37"
"2024-03-16T00:00:00.000","Embassament de Susqueda (Osor)","300.36","20.5","47.72"
"2024-03-16T00:00:00.000","Embassament de Darnius Boadella (Darnius)","132.51","11.7","7.12"
"2024-03-16T00:00:00.000","Embassament de la Llosa del Cavall (Navès)","764.78","16.2","12.93"
"2024-03-16T00:00:00.000","Embassament de Riudecanyes","194.62","2.7","0.14"
"2024-03-16T00:00:00.000","Embassament de la Baells (Cercs)","591.44","20","21.87"
"2024-03-15T00:00:00.000","Embassament de Foix (Castellet i la Gornal)","97.81","60","2.24"
"2024-03-15T00:00:00.000","Embassament de Riudecanyes","194.62","2.7","0.14"
"2024-03-15T00:00:00.000","Embassament de Darnius Boadella (Darnius)","132.51","11.7","7.12"
"2024-03-15T00:00:00.000","Embassament de Siurana (Cornudella de Montsant)","453.74","3.1","0.38"
"2024-03-15T00:00:00.000","Embassament de Sau (Vilanova de Sau)","375.6","3.5","5.76"
"2024-03-15T00:00:00.000","Embassament de la Llosa del Cavall (Navès)","764.73","16.1","12.9"
"2024-03-15T00:00:00.000","Embassament de Sant Ponç (Clariana de Cardener)","512.67","27.5","6.7"
"2024-03-15T00:00:00.000","Embassament de la Baells (Cercs)","591.35","19.9","21.77"
"2024-03-15T00:00:00.000","Embassament de Susqueda (Osor)","300.36","20.5","47.72"
"2024-03-14T00:00:00.000","Embassament de Riudecanyes","194.61","2.7","0.14"
"2024-03-14T00:00:00.000","Embassament de Sau (Vilanova de Sau)","375.41","3.3","5.53"
"2024-03-14T00:00:00.000","Embassament de Darnius Boadella (Darnius)","132.5","11.7","7.12"
"2024-03-14T00:00:00.000","Embassament de la Baells (Cercs)","591.27","19.8","21.69"
"2024-03-14T00:00:00.000","Embassament de Sant Ponç (Clariana de Cardener)","512.58","27.2","6.64"
"2024-03-14T00:00:00.000","Embassament de Susqueda (Osor)","300.44","20.5","47.87"
"2024-03-14T00:00:00.000","Embassament de Siurana (Cornudella de Montsant)","453.75","3.1","0.38"
"2024-03-14T00:00:00.000","Embassament de Foix (Castellet i la Gornal)","97.81","60","2.24"
"2024-03-14T00:00:00.000","Embassament de la Llosa del Cavall (Navès)","764.71","16.1","12.88"
"2024-03-13T00:00:00.000","Embassament de Darnius Boadella (Darnius)","132.48","11.6","7.1"
"2024-03-13T00:00:00.000","Embassament de la Baells (Cercs)","591.21","19.8","21.62"
"2024-03-13T00:00:00.000","Embassament de Sant Ponç (Clariana de Cardener)","512.48","27","6.57"
"2024-03-13T00:00:00.000","Embassament de la Llosa del Cavall (Navès)","764.71","16.1","12.89"
"2024-03-13T00:00:00.000","Embassament de Susqueda (Osor)","300.53","20.6","48.05"
"2024-03-13T00:00:00.000","Embassament de Sau (Vilanova de Sau)","375.24","3.2","5.33"
"2024-03-13T00:00:00.000","Embassament de Siurana (Cornudella de Montsant)","453.76","3.1","0.38"
"2024-03-13T00:00:00.000","Embassament de Riudecanyes","194.61","2.7","0.14"
"2024-03-13T00:00:00.000","Embassament de Foix (Castellet i la Gornal)","97.81","60","2.25"
"2024-03-12T00:00:00.000","Embassament de la Llosa del Cavall (Navès)","764.71","16.1","12.88"
"2024-03-12T00:00:00.000","Embassament de Foix (Castellet i la Gornal)","97.81","60.1","2.25"
"2024-03-12T00:00:00.000","Embassament de Darnius Boadella (Darnius)","132.45","11.6","7.08"
"2024-03-12T00:00:00.000","Embassament de Siurana (Cornudella de Montsant)","453.75","3.1","0.38"
"2024-03-12T00:00:00.000","Embassament de Sant Ponç (Clariana de Cardener)","512.37","26.6","6.5"
"2024-03-12T00:00:00.000","Embassament de la Baells (Cercs)","591.14","19.7","21.54"
"2024-03-12T00:00:00.000","Embassament de Susqueda (Osor)","300.62","20.7","48.23"
"2024-03-12T00:00:00.000","Embassament de Riudecanyes","194.61","2.7","0.14"
"2024-03-12T00:00:00.000","Embassament de Sau (Vilanova de Sau)","374.97","3","5"
"2024-03-11T00:00:00.000","Embassament de Siurana (Cornudella de Montsant)","453.75","3.1","0.38"
"2024-03-11T00:00:00.000","Embassament de la Baells (Cercs)","591.04","19.6","21.43"
"2024-03-11T00:00:00.000","Embassament de Susqueda (Osor)","300.69","20.8","48.36"
"2024-03-11T00:00:00.000","Embassament de Sau (Vilanova de Sau)","374.47","2.7","4.44"
"2024-03-11T00:00:00.000","Embassament de Foix (Castellet i la Gornal)","97.82","60.1","2.25"
"2024-03-11T00:00:00.000","Embassament de Riudecanyes","194.62","2.7","0.14"
"2024-03-11T00:00:00.000","Embassament de Sant Ponç (Clariana de Cardener)","512.23","26.3","6.4"
"2024-03-11T00:00:00.000","Embassament de Darnius Boadella (Darnius)","132.41","11.5","7.04"
"2024-03-11T00:00:00.000","Embassament de la Llosa del Cavall (Navès)","764.68","16.1","12.87"
"2024-03-10T00:00:00.000","Embassament de Sant Ponç (Clariana de Cardener)","512.05","25.8","6.29"
"2024-03-10T00:00:00.000","Embassament de Sau (Vilanova de Sau)","373.61","2.1","3.54"
"2024-03-10T00:00:00.000","Embassament de Susqueda (Osor)","300.67","20.7","48.32"
"2024-03-10T00:00:00.000","Embassament de Foix (Castellet i la Gornal)","97.81","60","2.25"
"2024-03-10T00:00:00.000","Embassament de la Llosa del Cavall (Navès)","764.62","16","12.82"
"2024-03-10T00:00:00.000","Embassament de Siurana (Cornudella de Montsant)","453.75","3.1","0.38"
"2024-03-10T00:00:00.000","Embassament de Riudecanyes","194.61","2.7","0.14"
"2024-03-10T00:00:00.000","Embassament de Darnius Boadella (Darnius)","132.32","11.4","6.97"
"2024-03-10T00:00:00.000","Embassament de la Baells (Cercs)","590.91","19.4","21.28"
"2024-03-09T00:00:00.000","Embassament de Foix (Castellet i la Gornal)","97.64","57.8","2.16"
"2024-03-09T00:00:00.000","Embassament de la Llosa del Cavall (Navès)","764.45","15.9","12.71"
"2024-03-09T00:00:00.000","Embassament de la Baells (Cercs)","590.69","19.2","21.04"
"2024-03-09T00:00:00.000","Embassament de Siurana (Cornudella de Montsant)","453.74","3.1","0.38"
"2024-03-09T00:00:00.000","Embassament de Darnius Boadella (Darnius)","132.22","11.3","6.88"
"2024-03-09T00:00:00.000","Embassament de Riudecanyes","194.61","2.7","0.14"
"2024-03-09T00:00:00.000","Embassament de Susqueda (Osor)","300.56","20.6","48.11"
"2024-03-09T00:00:00.000","Embassament de Sau (Vilanova de Sau)","372.11","1.4","2.24"
"2024-03-09T00:00:00.000","Embassament de Sant Ponç (Clariana de Cardener)","511.87","25.3","6.17"
"2024-03-08T00:00:00.000","Embassament de la Llosa del Cavall (Navès)","764.45","15.9","12.71"
"2024-03-08T00:00:00.000","Embassament de Darnius Boadella (Darnius)","132.2","11.2","6.87"
"2024-03-08T00:00:00.000","Embassament de Siurana (Cornudella de Montsant)","453.74","3.1","0.38"
"2024-03-08T00:00:00.000","Embassament de Sau (Vilanova de Sau)","371.83","1.2","2.02"
"2024-03-08T00:00:00.000","Embassament de Sant Ponç (Clariana de Cardener)","511.77","25.1","6.11"
"2024-03-08T00:00:00.000","Embassament de Susqueda (Osor)","300.6","20.7","48.19"
"2024-03-08T00:00:00.000","Embassament de Riudecanyes","194.6","2.7","0.14"
"2024-03-08T00:00:00.000","Embassament de la Baells (Cercs)","590.65","19.2","20.99"
"2024-03-08T00:00:00.000","Embassament de Foix (Castellet i la Gornal)","97.53","56.4","2.11"
"2024-03-07T00:00:00.000","Embassament de Sau (Vilanova de Sau)","371.79","1.2","1.99"
